ticker,name,market,delistingdate,폐지연도,폐지월,폐지일,reason
023460,CNH,KOSDAQ,2025-07-14,2025,7,14,기업의 계속성 및 경영의 투명성 등을 종합적으로 고려하여 상장폐지기준에 해당한다고 결정
226440,한송네오텍,KOSDAQ,2025-06-19,2025,6,19,기업의 계속성 및 경영의 투명성 등을 종합적으로 고려하여 상장폐지기준에 해당한다고 결정
323230,엠에프엠코리아,KOSDAQ,2025-06-19,2025,6,19,기업의 계속성 및 경영의 투명성 등을 종합적으로 고려하여 상장폐지기준에 해당한다고 결정
071460,위니아,KOSDAQ,2025-06-18,2025,6,18,감사의견 거절(감사범위 제한 및 계속기업가정 불확실성)
072520,제넨바이오,KOSDAQ,2025-06-18,2025,6,18,감사의견 거절(감사범위 제한 및 계속기업 가정 불확실성)
283100,노보믹스,KONEX,2025-05-28,2025,5,28,외부감사인의 감사의견 의견거절
012600,청호ICT,KOSPI,2025-05-27,2025,5,27,"기업의 계속성, 경영의 투명성 및 기타 공익과 투자자 보호 등을 종합적으로 고려하여 상장폐지 기준에 해당한다고 결정"
258540,에스엘테라퓨틱스,KONEX,2025-05-07,2025,5,7,감사의견 의견거절
214870,한울BnC,KOSDAQ,2025-03-31,2025,3,31,감사의견 거절(감사범위 제한 및 계속기업가정 불확실성)
038340,MIT,KOSDAQ,2025-03-28,2025,3,28,기업의 계속성 및 경영의 투명성 등을 종합적으로 고려하여 상장폐지기준에 해당한다고 결정
268600,셀리버리,KOSDAQ,2025-03-07,2025,3,7,감사의견 거절(감사범위 제한 및 계속기업 가정 불확실성)
446600,카이바이오텍,KONEX,2025-02-25,2025,2,25,지정자문인 선임계약 해지 후 30일 이내 미체결('25.2.11限)
078940,퀀타피아,KOSDAQ,2025-02-19,2025,2,19,기업의 계속성 및 경영의 투명성 등을 종합적으로 고려하여 상장폐지기준에 해당한다고 결정
299910,애닉,KOSDAQ,2025-02-14,2025,2,14,기업의 계속성 및 경영의 투명성 등을 종합적으로 고려하여 상장폐지기준에 해당한다고 결정
160600,이큐셀,KOSDAQ,2025-02-14,2025,2,14,기업의 계속성 및 경영의 투명성 등을 종합적으로 고려하여 상장폐지기준에 해당한다고 결정
900280,골든센츄리,KOSDAQ,2025-01-08,2025,1,8,"사업보고서, 반기보고서 또는 분기보고서 미제출로 상장규정 제53조제1항제6호에 따라 관리종목으로 지정된 상태에서 공시규정 제19조제1항에 따른 사업보고서, 반기보고서 또는 분기보고서를 법정제출기한내 미제출"
214310,에스엘에너지,KOSDAQ,2024-12-23,2024,12,23,기업의 계속성 및 경영의 투명성 등을 종합적으로 고려하여 상장폐지기준에 해당한다고 결정
419700,이브이파킹서비스,KONEX,2024-12-12,2024,12,12,지정자문인 선임계약 해지 후 30일 이내 미체결('24.11.28限)
062860,티엘아이,KOSDAQ,2024-11-14,2024,11,14,기업의 계속성 및 경영의 투명성 등을 종합적으로 고려하여 상장폐지기준에 해당한다고 결정
263540,어스앤에어로스페이스,KOSDAQ,2024-11-06,2024,11,6,기업의 계속성 및 경영의 투명성 등을 종합적으로 고려하여 상장폐지기준에 해당한다고 결정
053590,한국테크놀로지,KOSDAQ,2024-10-07,2024,10,7,해산사유 발생(파산선고)
286000,씨엔티드림,KONEX,2024-10-07,2024,10,7,외부감사인의 감사의견 의견거절
089530,에이티세미콘,KOSDAQ,2024-09-06,2024,9,6,기업의 계속성 및 경영의 투명성 등을 종합적으로 고려하여 상장폐지 기준에 해당한다고 결정
258250,셀젠텍,KONEX,2024-08-30,2024,8,30,지정자문인 선임계약 해지 후 30일 이내 미체결(2024.8.16 限)
299670,에스엠비나,KONEX,2024-08-16,2024,8,16,지정자문인 선임계약 해지 후 30일 이내 미체결(2024.8.1 限)
065560,녹원씨엔아이,KOSDAQ,2024-07-29,2024,7,29,기업의 계속성 및 경영의 투명성 등을 종합적으로 고려하여 상장폐지기준에 해당한다고 결정
136510,스마트솔루션즈,KOSDAQ,2024-07-25,2024,7,25,감사의견 거절
181340,이즈미디어,KOSDAQ,2024-07-10,2024,7,10,감사범위 제한
058530,파나케이아,KOSDAQ,2024-06-25,2024,6,25,기업의 계속성 및 경영의 투명성 등을 종합적으로 고려하여 상장폐지기준에 해당한다고 결정
006580,대양제지,KOSDAQ,2024-06-21,2024,6,21,상장폐지 신청('24.05.17)
163430,디피코,KONEX,2024-06-18,2024,6,18,'22사업연도 감사의견 의견거절 및 '23사업연도 사업보고서 미제출
161570,THE MIDONG,KOSDAQ,2024-06-17,2024,6,17,기업의 계속성 및 경영의 투명성 등을 종합적으로 고려하여 상장폐지기준에 해당한다고 결정
148140,비디아이,KOSDAQ,2024-06-07,2024,6,7,기업의 계속성 및 경영의 투명성 등을 종합적으로 고려하여 상장폐지기준에 해당한다고 결정
030790,비케이탑스,KOSPI,2024-05-13,2024,5,13,감사의견 의견거절 2년 계속
058220,아리온,KOSDAQ,2024-05-03,2024,5,3,감사의견 거절(감사범위 제한 및 계속기업 존속능력에 대한 불확실성)
322190,베른,KONEX,2024-04-25,2024,4,25,감사의견 의견거절(감사범위제한)
248020,젬,KONEX,2024-04-05,2024,4,5,외부감사인의 감사의견 의견거절
150440,피노텍,KONEX,2024-03-21,2024,3,21,외부감사인의 감사의견 의견거절
114120,크루셜텍,KOSDAQ,2024-02-15,2024,2,15,기업의 계속성 및 경영의 투명성 등을 종합적으로 고려하여 상장폐지기준에 해당한다고 결정
141020,디에스앤엘,KOSDAQ,2024-01-03,2024,1,3,기업의 계속성 및 경영의 투명성 등을 종합적으로 고려하여 상장폐지기준에 해당한다고 결정
138690,엘아이에스,KOSDAQ,2023-12-06,2023,12,6,기업의 계속성 및 경영의 투명성 등을 종합적으로 고려하여 상장폐지기준에 해당한다고 결정
155900,바다로19호,KOSPI,2023-11-24,2023,11,24,신청에 의한 상장폐지
015540,에코바이브,KOSPI,2023-11-07,2023,11,7,감사의견 의견거절 2년 계속
069110,코스온,KOSDAQ,2023-10-20,2023,10,20,감사의견 거절(감사범위 제한)
242350,피엔아이컴퍼니,KONEX,2023-09-18,2023,9,18,지정자문인 선임계약 해지 후 30일 이내 미체결(2023.9.4 限)
048260,오스템임플란트,KOSDAQ,2023-08-14,2023,8,14,상장폐지 신청('23.06.28)
348840,데이드림엔터,KONEX,2023-08-10,2023,8,10,상장폐지 신청
078650,지나인제약,KOSDAQ,2023-07-21,2023,7,21,감사의견 거절(감사범위 제한 및 계속기업가정 불확실성)
096640,멜파스,KOSDAQ,2023-07-17,2023,7,17,기업의 계속성 및 경영의 투명성 등을 종합적으로 고려하여 상장폐지기준에 해당한다고 결정
285770,라이프사이언스테크놀로지,KONEX,2023-06-12,2023,6,12,외부감사인의 감사의견 의견거절
281310,바이오시네틱스,KONEX,2023-06-12,2023,6,12,외부감사인의 감사의견 의견거절
050540,엠피씨플러스,KOSDAQ,2023-05-08,2023,5,8,감사의견 거절(감사범위 제한)
140290,청광건설,KONEX,2023-05-08,2023,5,8,상장폐지 신청
135160,무송지오씨,KONEX,2023-05-02,2023,5,2,발행한 어음 또는 수표가 주거래은행에 의하여 최종부도로 결정되거나 거래은행에 의한 거래정지
215050,비엔디생활건강,KONEX,2023-04-21,2023,4,21,감사의견 의견거절(감사범위제한)
267060,명진홀딩스,KONEX,2023-04-18,2023,4,18,지정자문인 선임계약 해지 후 30일 이내 미체결(2023.4.4 限)
058420,제이웨이,KOSDAQ,2023-04-14,2023,4,14,감사의견 거절(감사범위 제한 및 계속기업가정 불확실성)
271850,다이오진,KONEX,2023-04-12,2023,4,12,지정자문인 선임계약 해지 후 30일 이내 미체결(2023.3.29 限)
267810,앙츠,KONEX,2023-04-04,2023,4,4,지정자문인 선임계약 해지 후 30일 이내 미체결(2023.3.21 限)
056000,코원플레이,KOSDAQ,2023-03-30,2023,3,30,감사의견 거절(감사범위 제한 및 계속기업가정 불확실성)
064510,유네코,KOSDAQ,2023-01-17,2023,1,17,감사의견 거절(감사범위 제한 및 계속기업 존속능력 불확실성)
329020,오션스톤,KONEX,2022-12-27,2022,12,27,지정자문인 선임계약 해지 후 30일 이내 미체결(2022.12.13 限)
158310,참존글로벌,KOSDAQ,2022-11-09,2022,11,9,기업의 계속성 및 경영의 투명성 등을 종합적으로 고려하여 상장폐지기준에 해당한다고 결정
060300,레드로버,KOSDAQ,2022-11-04,2022,11,4,기업의 계속성 및 경영의 투명성 등을 종합적을 고려하여 상장폐지기준에 해당한다고 결정
347140,케이프이에스제4호,KOSDAQ,2022-10-31,2022,10,31,상장예비심사 청구서 미제출로 관리종목 지정 후 1개월 이내 동 사유 미해소
126870,뉴로스,KOSDAQ,2022-10-26,2022,10,26,감사의견 거절(감사범위 제한 및 계속기업 존속능력 불확실성)
182690,테라셈,KOSDAQ,2022-10-17,2022,10,17,감사의견 거절(감사범위 제한)
090740,연이비앤티,KOSDAQ,2022-10-17,2022,10,17,기업의 계속성 및 경영의 투명성 등을 종합적으로 고려하여 상장폐지기준에 해당한다고 결정
046110,한일네트웍스,KOSDAQ,2022-10-05,2022,10,5,상장폐지 신청('22.08.31)
127160,매직마이크로,KOSDAQ,2022-09-22,2022,9,22,감사의견 거절(감사범위 제한 및 계속기업 존속능력 불확실성)
053110,소리바다,KOSDAQ,2022-09-07,2022,9,7,감사의견 거절(감사범위 제한)
176440,에이치엔티,KOSDAQ,2022-06-27,2022,6,27,기업의 계속성 및 경영의 투명성 등을 종합적을 고려하여 상장폐지기준에 해당한다고 결정
309900,티티씨디펜스,KONEX,2022-06-16,2022,6,16,외부감사인의 감사의견 의견거절
220630,맘스터치,KOSDAQ,2022-05-31,2022,5,31,상장폐지 신청('22.03.30)
050320,에스에이치엔엘,KOSDAQ,2022-05-31,2022,5,31,감사의견 거절
052190,세영디앤씨,KOSDAQ,2022-05-27,2022,5,27,감사의견 거절(감사범위 제한 및 계속기업 존속능력에 대한 불확실성)
950180,SNK,KOSDAQ,2022-05-18,2022,5,18,상장폐지 신청('22.04.14)
240340,인터코스,KONEX,2022-05-17,2022,5,17,외부감사인의 감사의견 의견거절
225850,미애부,KONEX,2022-04-27,2022,4,27,감사의견 의견거절(감사범위제한 및 계속기업 존속불확실성)
225860,엠앤씨생명과학,KONEX,2022-04-27,2022,4,27,감사의견 의견거절(감사범위제한 및 계속기업 존속불확실성)
053660,현진소재,KOSDAQ,2022-04-26,2022,4,26,감사의견 거절(감사범위 제한 및 계속기업 존속능력에 대한 불확실성)
039670,스포츠서울,KOSDAQ,2022-04-20,2022,4,20,기업의 계속성 및 경영의 투명성 등을 종합적으로 고려하여 상장폐지기준에 해당한다고 결정
270020,이십일스토어,KONEX,2022-04-14,2022,4,14,사업보고서 법정제출기한('22.3.31限) 내 미제출
153360,하이골드3호,KOSPI,2022-04-11,2022,4,11,감사의견 부적정
066110,한프,KOSDAQ,2022-04-06,2022,4,6,감사의견 거절(감사범위 제한)
327970,케어룸의료산업,KONEX,2022-03-11,2022,3,11,상장폐지 신청
114570,지스마트글로벌,KOSDAQ,2022-02-23,2022,2,23,감사의견 거절(감사범위 제한 및 계속기업 존속능력에 대한 불확실성)
007630,폴루스바이오팜,KOSPI,2022-02-22,2022,2,22,감사의견 의견거절 2년 계속
221610,자안바이오,KOSDAQ,2022-01-05,2022,1,5,발행한 어음 또는 수표가 주거래은행에 의하여 최종부도로 결정되거나 거래은행에 의한 거래정지
172580,하이골드12호,KOSPI,2022-01-03,2022,1,3,신청에 의한 상장폐지
045890,GV,KOSDAQ,2021-12-20,2021,12,20,해산사유 발생(파산선고)
087730,이엠네트웍스,KOSDAQ,2021-10-08,2021,10,8,기업의 계속성 및 경영의 투명성 등을 종합적으로 고려하여 상장폐지기준에 해당한다고 결정
033110,코너스톤네트웍스,KOSDAQ,2021-10-08,2021,10,8,감사의견 거절(감사범위 제한 및 계속기업 존속능력에 대한 불확실성)
039230,에이아이비트,KOSDAQ,2021-10-06,2021,10,6,감사의견 거절(감사범위 제한)
111820,지유온,KOSDAQ,2021-09-30,2021,9,30,기업의 계속성 및 경영의 투명성 등을 종합적으로 고려하여 상장폐지기준에 해당한다고 결정
141070,맥스로텍,KOSDAQ,2021-09-16,2021,9,16,발행한 어음 또는 수표가 주거래은행에 의하여 최종부도로 결정되거나 거래은행에 의한 거래정지
080440,에스제이케이,KOSDAQ,2021-09-13,2021,9,13,해산사유 발생(파산선고)
033430,디에스티,KOSDAQ,2021-09-02,2021,9,2,감사의견 한정(감사범위 제한)
354230,폭스소프트,KONEX,2021-09-01,2021,9,1,지정자문인 선임계약 해지 후 30일 이내 미체결(2021.8.18 限)
086250,이노와이즈,KOSDAQ,2021-08-31,2021,8,31,감사의견 거절(감사범위 제한)
038160,팍스넷,KOSDAQ,2021-08-23,2021,8,23,감사의견 거절(감사범위 제한 및 계속기업 존속능력에 대한 불확실성)
033600,럭슬,KOSDAQ,2021-08-11,2021,8,11,감사의견 거절(감사범위 제한)
065620,제낙스,KOSDAQ,2021-08-09,2021,8,9,감사의견 거절(감사범위 제한 및 계속기업 존속능력에 대한 불확실성)
900080,에스앤씨엔진그룹,KOSDAQ,2021-06-14,2021,6,14,"법정제출기한까지 사업보고서를 제출하지 아니한 후, 법정제출기한의 다음날부터 10일이내에 사업보고서를 제출하지 아니함 "
226350,아이엠텍,KOSDAQ,2021-06-11,2021,6,11,감사의견 거절(감사범위 제한)
195440,퓨전,KOSDAQ,2021-06-10,2021,6,10,감사의견 거절(감사범위 제한 및 계속기업 존속능력에 대한 불확실성)
008800,행남사,KOSDAQ,2021-06-07,2021,6,7,기업의 계속성 및 경영의 투명성 등을 종합적으로 고려하여 상장폐지기준에 해당한다고 결정
073070,에이팸,KOSDAQ,2021-06-04,2021,6,4,기업의 계속성 및 경영의 투명성 등을 종합적으로 고려하여 상장폐지기준에 해당
120780,전우정밀,KONEX,2021-05-06,2021,5,6,분산요건 미달
224880,SGA클라우드서비스,KONEX,2021-05-06,2021,5,6,분산요건 미달
102210,에이치디,KOSDAQ,2021-04-19,2021,4,19,기업의 계속성 및 경영의 투명성 등을 종합적으로 고려하여 상장폐지기준에 해당한다고 결정
028040,미래SCI,KOSDAQ,2021-04-13,2021,4,13,"최근 2년간 3회 이상 공시규정 제19조제1항의 규정에 의한 사업보고서, 반기보고서 또는 분기보고서 법정제출기한 내 미제출"
329050,구스앤홈,KONEX,2021-04-13,2021,4,13,사업보고서 법정제출기한('21.3.31限)내 미제출
036260,이매진아시아,KOSDAQ,2021-02-15,2021,2,15,기업의 계속성 및 경영의 투명성 등을 종합적으로 고려하여 상장폐지기준에 해당
241510,이에스산업,KONEX,2021-01-26,2021,1,26,지정자문인 선임계약 해지 후 30일 이내 미체결(2021.1.13 限)
271780,비엔에프코퍼레이션,KONEX,2020-11-05,2020,11,5,상장폐지 신청('20.10.13)
194510,파티게임즈,KOSDAQ,2020-09-09,2020,9,9,감사의견거절(감사범위 제한)
204990,코썬바이오,KOSDAQ,2020-08-11,2020,8,11,기업의 계속성 및 경영의 투명성 등을 종합적으로 고려하여 상장폐지기준에 해당한다고 결정
228180,티씨엠생명과학,KONEX,2020-08-07,2020,8,7,포괄적 주식교환에 따른 상장폐지 신청('20.7.17)
065940,바이오빌,KOSDAQ,2020-07-31,2020,7,31,감사의견 거절(감사범위 제한 및 계속기업 존속능력에 대한 불확실성)
149940,모다,KOSDAQ,2020-07-10,2020,7,10,감사의견거절(감사범위 제한)
134780,화진,KOSDAQ,2020-07-02,2020,7,2,감사의견거절(감사범위제한)
112240,에스에프씨,KOSDAQ,2020-06-30,2020,6,30,감사의견 거절(감사범위 제한)
005450,신한,KOSPI,2020-06-30,2020,6,30,감사의견 의견거절 2년 계속
183350,LPK로보틱스,KONEX,2020-06-17,2020,6,17,"외부감사인의 감사의견 거절(감사범위 제한), 감사의견 한정(감사범위 제한)"
103130,웅진에너지,KOSPI,2020-06-01,2020,6,1,감사의견 의견거절 2년 계속
094190,이엘케이,KOSDAQ,2020-05-22,2020,5,22,감사의견 거절(감사범위 제한 및 계속기업 존속능력에 대한 불확실성)
900040,차이나그레이트,KOSDAQ,2020-05-22,2020,5,22,"법정제출기한까지 사업보고서를 제출하지 아니한 후, 법정제출기한의 다음날부터 10일이내에 사업보고서를 제출하지 아니함 "
030270,에스마크,KOSDAQ,2020-05-21,2020,5,21,감사의견거절(감사범위제한 및 계속기업 존속 불확실)
054340,피앤텔,KOSDAQ,2020-05-21,2020,5,21,감사의견 거절(감사범위 제한 및 계속기업 존속능력에 대한 불확실성)
197210,리드,KOSDAQ,2020-05-14,2020,5,14,기업의 계속성 및 경영의 투명성 등을 종합적으로 고려하여 상장폐지기준에 해당한다고 결정
205290,케미메디,KONEX,2020-05-13,2020,5,13,외부감사인의 감사의견 의견거절(감사범위 제한)
189540,씨티네트웍스,KONEX,2020-05-12,2020,5,12,감사의견 거절(계속기업 존속능력에 대한 불확실성)
159650,하이골드8호,KOSPI,2020-04-27,2020,4,27,감사의견 부적정
220110,드림티엔터테인먼트,KONEX,2020-04-10,2020,4,10,사업보고서 법정제출기한('20.3.30限)내 미제출
123260,파인넥스,KOSDAQ,2020-04-10,2020,4,10,"제28조제1항제9호에 따라 관리종목 지정 후 공시규정 제19조제1항에 따른 사업보고서 법정제출기한 내 미제출, 최근 2년간 3회 이상 공시규정 제19조제1항의 규정에 의한 사업보고서, 반기보고서 또는 분기보고서 법정제출기한 내 미제출"
311840,대원모방,KONEX,2020-02-27,2020,2,27,지정자문인 선임계약 해지 후 30일 이내 미체결(2020.2.13 限)
252370,유쎌,KONEX,2020-02-27,2020,2,27,지정자문인 선임계약 해지 후 30일 이내 미체결(2020.2.13 限)
122800,썬텍,KOSDAQ,2020-02-12,2020,2,12,기업의 계속성 및 경영의 투명성 등을 종합적으로 고려하여 상장폐지기준에 해당한다고 결정
035480,제이테크놀로지,KOSDAQ,2019-12-12,2019,12,12,기업의 계속성 및 경영의 투명성 등을 종합적으로 고려하여 상장폐지기준에 해당한다고 결정
017680,데코앤이,KOSDAQ,2019-11-20,2019,11,20,발행한 어음 또는 수표가 주거래은행에 의하여 최종부도로 결정되거나 거래은행에 의한 거래정지
135270,세종머티리얼즈,KONEX,2019-10-02,2019,10,2,파산선고에 따른 해산사유 발생
221670,주노콜렉션,KONEX,2019-07-16,2019,7,16, 지정자문인 선임계약 해지 후 30일 이내 미체결(2019.7.2 限) 
242850,영현무역,KONEX,2019-05-22,2019,5,22,지정자문인 선임계약 해지 후 30일 이내 미체결(2019.5.8 限)
065160,에프티이앤이,KOSDAQ,2019-05-03,2019,5,3,감사의견 거절(감사범위 제한)
250300,제이에스피브이,KONEX,2019-03-04,2019,3,4,지정자문인 선임계약 해지 후 30일이내 미체결(2019.2.1 限)
245030,스페이스솔루션,KONEX,2019-02-27,2019,2,27,상장폐지 신청('19.1.25)
900090,차이나하오란,KOSDAQ,2019-01-02,2019,1,2,제28조제1항제9호에 따라 관리종목 지정 후 공시규정 제19조 제1항에 따른 분기보고서 법정기한 내 미제출
002000,한국유리,KOSPI,2018-12-13,2018,12,13,신청에 의한 상장폐지
272420,극동자동화,KONEX,2018-11-15,2018,11,15,상장폐지 신청('18.11.5)
194610,우성아이비,KOSDAQ,2018-10-12,2018,10,12,감사의견거절(감사범위 제한 및 계속기업 존속능력에 대한 불확실성)
155960,지디,KOSDAQ,2018-10-12,2018,10,12,감사의견 거절(감사범위 제한)
110660,세신버팔로,KONEX,2018-10-11,2018,10,11,지정자문인 선임계약 해지 후 30일이내 미체결(2018.9.20限)
032040,C&S자산관리,KOSDAQ,2018-10-11,2018,10,11,감사의견거절(범위제한 및 계속기업 존속능력에 대한 불확실성)
081970,넥스지,KOSDAQ,2018-10-11,2018,10,11,감사의견거절(감사범위제한)
047440,레이젠,KOSDAQ,2018-10-11,2018,10,11,감사의견거절(감사범위 제한 및 계속기업 존속능력에 대한 불확실성)
026260,위너지스,KOSDAQ,2018-10-11,2018,10,11,감사의견거절(감사범위 제한)
052290,트레이스,KOSDAQ,2018-10-11,2018,10,11,감사의견거절(감사범위 제한)
005980,성지건설,KOSPI,2018-10-04,2018,10,4,감사의견 의견거절
251540,에스와이제이,KONEX,2018-09-07,2018,9,7,감사의견 거절(감사범위 제한)
138290,지성이씨에스,KONEX,2018-08-22,2018,8,22,상장폐지 신청('18.7.19)
043580,에임하이,KOSDAQ,2018-08-10,2018,8,10,감사의견거절(감사범위 제한)
144740,피엠디아카데미,KONEX,2018-08-07,2018,8,7,지정자문인 선임계약 해지 후 30일이내 미체결(2018.07.24限)
099660,신텍,KOSDAQ,2018-07-09,2018,7,9,발행한 어음 또는 수표가 주거래은행에 의하여 최종부도로 결정되거나 거래은행에 의한 거래정지
900180,완리,KOSDAQ,2018-05-23,2018,5,23,감사의견거절(감사범위 제한)
246830,시냅스엠,KONEX,2018-05-14,2018,5,14,감사의견 거절(계속기업 존속능력에 대한 불확실성)
235090,태경피엔에스,KONEX,2018-05-09,2018,5,9,감사의견 거절(감사범위 제한)
087220,스틸플라워,KOSDAQ,2018-05-08,2018,5,8,감사의견거절(감사범위 제한 및 계속기업 존속능력에 대한 불확실성)
099830,씨그널엔터테인먼트그룹,KOSDAQ,2018-05-04,2018,5,4,감사의견거절(감사범위 제한)
252940,에스엠로보틱스,KONEX,2018-04-25,2018,4,25,감사의견 거절(감사범위 제한 및 계속기업 존속능력에 대한 불확실성)
091270,유디피,KONEX,2018-04-18,2018,4,18,지정자문인 선임계약 해지 후 30일이내 미체결(2018.04.04限)
199870,세기리텍,KONEX,2018-03-28,2018,3,28,지정자문인 선임계약 해지후 30일이내 미체결(18.3.14限)
051170,썬코어,KOSDAQ,2018-03-15,2018,3,15,'16사업연도 감사의견거절(계속기업 존속능력에 대한 불확실성) 및 '17사업연도 반기 감사의견거절(계속기업 존속능력에 대한 불확실성)
039790,위노바,KOSDAQ,2018-03-09,2018,3,9,기업의 계속성 및 경영의 투명성 등을 종합적으로 고려하여 상장폐지기준에 해당한다고 결정
023430,아이이,KOSDAQ,2017-12-20,2017,12,20,기업의 계속성 및 경영의 투명성 등을 종합적으로 고려하여 상장폐지기준에 해당한다고 결정
260490,캐로스,KONEX,2017-11-29,2017,11,29,지정자문인 선임계약 해지 후 30일이내 미체결(2017.11.15限)
900050,중국원양자원,KOSPI,2017-09-27,2017,9,27,감사의견 의견거절
095300,엔에스브이,KOSDAQ,2017-09-12,2017,9,12,"감사의견 거절(내부회계관리제도상의 취약점, 계속기업가정의 불확실성 및 재고자산 관련 감사범위 제한)"
189700,디피앤케이,KONEX,2017-08-31,2017,8,31,지정자문인 선임계약 해지 후 30일이내 미체결(2017.08.17限)
204690,다린,KONEX,2017-08-02,2017,8,2,상장폐지 신청('17.07.28)
900130,웨이포트,KOSDAQ,2017-07-25,2017,7,25,상장폐지 신청('17.06.22)
156170,비앤에스미디어,KONEX,2017-07-13,2017,7,13,지정자문인 선임계약 해지 후 30일이내 미체결(2017.6.29限)
004740,보루네오,KOSPI,2017-07-05,2017,7,5,"기업의 계속성, 경영의 투명성 및 기타 공익과 투자자 보호 등을 종합적으로 고려하여 상장폐지 기준에 해당한다고 결정"
083610,아시아14호,KOSPI,2017-06-20,2017,6,20,신청에 의한 상장폐지
083600,아시아13호,KOSPI,2017-06-15,2017,6,15,신청에 의한 상장폐지
083570,아시아10호,KOSPI,2017-06-15,2017,6,15,신청에 의한 상장폐지
083580,아시아11호,KOSPI,2017-06-15,2017,6,15,신청에 의한 상장폐지
083590,아시아12호,KOSPI,2017-06-15,2017,6,15,신청에 의한 상장폐지
083390,동북아14호,KOSPI,2017-06-14,2017,6,14,신청에 의한 상장폐지
083350,동북아10호,KOSPI,2017-06-14,2017,6,14,신청에 의한 상장폐지
083360,동북아11호,KOSPI,2017-06-14,2017,6,14,신청에 의한 상장폐지
165270,금오하이텍,KONEX,2017-06-07,2017,6,7,최종부도 발생
036500,에스에스컴텍,KOSDAQ,2017-05-11,2017,5,11,감사의견 거절(감사범위 제한 및 계속기업 존속능력에 대한 불확실성)
086830,신양오라컴,KOSDAQ,2017-05-08,2017,5,8,감사의견 거절(감사범위 제한 및 계속기업 존속능력에 대한 불확실성)
058370,비엔씨컴퍼니,KOSDAQ,2017-05-08,2017,5,8,감사범위제한으로 인한 한정의견
090970,코리아01호,KOSPI,2017-04-25,2017,4,25,감사의견 의견거절
091000,코리아04호,KOSPI,2017-04-25,2017,4,25,감사의견 의견거절
090990,코리아03호,KOSPI,2017-04-25,2017,4,25,감사의견 의견거절
090980,코리아02호,KOSPI,2017-04-25,2017,4,25,감사의견 의견거절
110570,넥솔론,KOSPI,2017-04-17,2017,4,17,자본전액잠식
052270,우전,KOSDAQ,2017-04-13,2017,4,13,자본전액잠식 등
194860,SY이노베이션,KONEX,2017-04-12,2017,4,12,감사의견 거절(감사범위제한)
068150,케이엔씨글로벌,KOSDAQ,2017-03-07,2017,3,7,기업의 계속성 및 경영의 투명성 등을 종합적으로 고려하여 상장폐지기준에 해당한다고 결정
066270,SK컴즈,KOSDAQ,2017-02-27,2017,2,27,상장폐지신청('17.02.07)
060910,프리젠,KOSDAQ,2017-02-24,2017,2,24,최근 5사업연도 연속 영업손실 발생
139200,하이골드2호,KOSPI,2017-01-11,2017,1,11,신청에 의한 상장폐지
192240,나이코,KONEX,2016-12-23,2016,12,23,상장폐지 신청('16.12.9)
185280,이푸른,KONEX,2016-12-05,2016,12,5,지정자문인 선임계약 해지 후 30일이내 미체결(2016.11.21限)
011720,현대페인트,KOSPI,2016-11-21,2016,11,21,감사의견 의견거절
053810,아이팩토리,KOSDAQ,2016-09-19,2016,9,19,감사의견 거절(감사범위 제한 및 기업회계기준 위배)
037340,씨엘인터내셔널,KOSDAQ,2016-09-08,2016,9,8,2반기 연속 자본잠식률 50% 이상
074150,엠제이비,KOSDAQ,2016-09-05,2016,9,5,감사의견거절(감사범위 제한)
019300,태림페이퍼,KOSPI,2016-08-11,2016,8,11,신청에 의한 상장폐지
207230,디와이엘엔제이,KONEX,2016-07-26,2016,7,26,지정자문인 선임계약의 해지한 날의 다음날부터 30일이내(2016.07.12限) 지정자문인 선임계약 미체결
082390,피엘에이,KOSDAQ,2016-07-25,2016,7,25,기업의 계속성 및 경영의 투명성 등을 종합적으로 고려하여 상장폐지기준에 해당한다고 결정
103650,에이치앤아이,KONEX,2016-07-14,2016,7,14,최종부도 발생
179440,피엠에스,KONEX,2016-07-07,2016,7,7,상장폐지 신청('16.6.14)
092630,바다로3호,KOSPI,2016-06-13,2016,6,13,신청에 의한 상장폐지
008020,경남에너지,KOSPI,2016-05-19,2016,5,19,신청에 의한 상장폐지
086200,제이앤유글로벌,KOSDAQ,2016-05-09,2016,5,9,감사의견거절(감사범위 제한)
078780,아이디에스,KOSDAQ,2016-04-28,2016,4,28,'14사업연도 자본잠식률 50%이상 사유로 관리종목 지정 후 '15사업연도 반기 감사의견 거절
051310,포스코플랜텍,KOSPI,2016-04-15,2016,4,15,자본전액잠식
065270,플렉스컴,KOSDAQ,2016-04-12,2016,4,12,자본전액잠식
151750,테라텍,KONEX,2016-02-23,2016,2,23,상장폐지 신청('16.02.01)
111610,승화프리텍,KOSDAQ,2016-01-25,2016,1,25,"기업의 계속성, 경영의 투명성 또는 그 밖에 코스닥시장의 건전성 등을 종합적으로 고려하여 상장폐지 기준에 해당한다고 결정"
950010,평산차업 KDR,KOSPI,2015-11-05,2015,11,5,시가총액 미달
121550,코크렙15호,KOSPI,2015-10-16,2015,10,16,매출액 미달(50억원 미만) 2년 계속
053870,GT&T,KOSDAQ,2015-10-15,2015,10,15,'14사업연도 자본잠식률 50%이상 사유로 관리종목 지정 후 '15사업연도 반기 감사의견 거절
082220,프렉코,KONEX,2015-09-25,2015,9,25,지정자문인 선임계약의 해지한 날의 다음날부터 30일이내(2015.09.11限) 지정자문인 선임계약 미체결
068060,KCW,KOSDAQ,2015-09-18,2015,9,18,"기업의 계속성, 경영의 투명성 또는 그 밖에 코스닥시장의 건전성 등을 종합적으로 고려하여 상장폐지 기준에 해당한다고 결정"
138440,이코리아리츠,KOSPI,2015-09-16,2015,9,16,"기업의 계속성, 경영의 투명성 및 기타 공익과 투자자 보호 등을 종합적으로 고려하여 상장폐지 기준에 해당한다고 결정"
074130,디아이디,KOSDAQ,2015-07-23,2015,7,23,"기업의 계속성, 경영의 투명성 또는 그 밖에 코스닥시장의 건전성 등을 종합적으로 고려하여 상장폐지 기준에 해당한다고 결정"
040670,와이즈파워,KOSDAQ,2015-07-16,2015,7,16,자본전액잠식 등
071930,에이스하이텍,KOSDAQ,2015-07-10,2015,7,10,감사의견거절(감사범위 제한)
033630,SK브로드밴드,KOSDAQ,2015-07-01,2015,7,1,상장폐지신청('15.6.11)
066350,티에스엠텍,KOSDAQ,2015-05-20,2015,5,20,발행한 어음 또는 수표가 주거래은행에 의하여 최종부도로 결정되거나 거래은행에 의한 거래정지
039530,씨앤케이인터,KOSDAQ,2015-05-19,2015,5,19,기업의 계속성 및 경영의 투명성 등을 종합적으로 고려하여 상장폐지기준에 해당한다고 결정
039850,태창파로스,KOSDAQ,2015-05-19,2015,5,19,기업의 계속성 및 경영의 투명성 등을 종합적으로 고려하여 상장폐지기준에 해당한다고 결정
090120,잘만테크,KOSDAQ,2015-05-13,2015,5,13,감사의견 거절(계속기업 존속능력에 대한 불확실성 및 감사범위 제한)
065180,해피드림,KOSDAQ,2015-05-04,2015,5,4,감사범위제한으로 인한 한정의견
160350,웹솔루스,KONEX,2015-04-30,2015,4,30,감사의견 거절(감사범위 제한 및 계속기업 존속능력에 대한 불확실성)
179280,스탠다드펌,KONEX,2015-04-30,2015,4,30,감사의견 거절(감사범위 제한 및 계속기업 존속능력에 대한 불확실성)
053330,영진코퍼레이션,KOSDAQ,2015-04-23,2015,4,23,자본전액잠식
000800,경남기업,KOSPI,2015-04-15,2015,4,15,자본전액잠식
000360,삼환기업,KOSPI,2015-04-15,2015,4,15,자본전액잠식
014350,신일건업,KOSPI,2015-04-15,2015,4,15,자본전액잠식
181980,힘스인터내셔널,KONEX,2015-04-15,2015,4,15,상장폐지 신청('15.03.23)
004320,울트라건설,KOSDAQ,2015-04-13,2015,4,13,자본전액잠식
082240,아시아5호,KOSPI,2015-03-13,2015,3,13,신청에 의한 상장폐지
082250,아시아6호,KOSPI,2015-03-13,2015,3,13,신청에 의한 상장폐지
082260,아시아7호,KOSPI,2015-03-13,2015,3,13,신청에 의한 상장폐지
149130,케이비부국위탁리츠,KOSPI,2015-03-02,2015,3,2,감사의견 부적정
000420,로케트전기,KOSPI,2015-02-24,2015,2,24,감사의견 의견거절
081930,아시아8호,KOSPI,2015-02-17,2015,2,17,신청에 의한 상장폐지
053740,국제엘렉트릭,KOSDAQ,2015-02-10,2015,2,10,상장폐지 신청('15.01.15)
032420,터보테크,KOSDAQ,2015-01-27,2015,1,27,기업의 계속성 및 경영의 투명성 등을 종합적으로 고려하여 상장폐지기준에 해당한다고 결정
091690,디지텍시스템,KOSDAQ,2015-01-21,2015,1,21,감사의견 거절(감사범위 제한 및 계속기업 존속능력에 대한 불확실성)
950100,SBI모기지,KOSPI,2015-01-07,2015,1,7,신청에 의한 상장폐지
119250,에프지엔개발리츠,KOSPI,2014-10-29,2014,10,29,"기업의 계속성, 경영의 투명성 및 기타 공익과 투자자 보호 등을 종합적으로 고려하여 상장폐지 기준에 해당한다고 결정"
046400,디브이에스,KOSDAQ,2014-09-02,2014,9,2,감사의견거절(감사범위제한)
110500,유니드코리아,KOSDAQ,2014-09-02,2014,9,2,감사의견 거절(계속기업 존속능력에 대한 불확실성)
013340,AJS,KOSDAQ,2014-09-02,2014,9,2,감사의견거절(감사범위 제한 및 계속기업 존속능력에 대한 불확실성)
070480,에버테크노,KOSDAQ,2014-07-17,2014,7,17,감사의견 거절(감사범위 제한 및 계속기업 존속능력에 대한 불확실성
080180,아시아1호,KOSPI,2014-07-10,2014,7,10,신청에 의한 상장폐지
082930,실리콘화일,KOSDAQ,2014-05-23,2014,5,23,상장폐지신청('14.04.22)
056340,CU전자,KOSDAQ,2014-05-21,2014,5,21,최종부도 발생
041060,아라온테크,KOSDAQ,2014-05-08,2014,5,8,감사의견 거절(감사범위 제한 및 계속기업 존속능력에 대한 불확실성)
080980,동북아5호,KOSPI,2014-04-25,2014,4,25,신청에 의한 상장폐지
005900,동양건설,KOSPI,2014-04-25,2014,4,25,자본전액잠식
002530,벽산건설,KOSPI,2014-04-25,2014,4,25,공시서류 미제출(사업보고서) 후 10일이내 미제출
067250,STX조선해양,KOSPI,2014-04-15,2014,4,15,자본전액잠식
010460,화인자산관리,KOSPI,2014-04-15,2014,4,15,보통주 주식분포요건 미충족 2년 계속
010670,나노트로닉스,KOSDAQ,2014-04-11,2014,4,11,기업의 계속성 및 경영의 투명성 등을 종합적으로 고려하여 상장폐지기준에 해당
110310,모린스,KOSDAQ,2014-04-11,2014,4,11,자본전액잠식 등
012650,쌍용건설,KOSDAQ,2014-04-11,2014,4,11,자본전액잠식 등
036210,태산엘시디,KOSDAQ,2014-04-11,2014,4,11,자본전액잠식등
005560,JS전선,KOSPI,2014-04-10,2014,4,10,신청에 의한 상장폐지
074000,엠텍비젼,KOSDAQ,2014-03-27,2014,3,27,최근 5사업연도 연속 영업손실 발생 등
004790,렉스엘이앤지,KOSDAQ,2014-03-04,2014,3,4,"기업의 계속성, 경영의 투명성 또는 기타 코스닥시장의 건전성 등을 종합적으로 고려하여 상장폐지가 필요하다고 인정"
080970,동북아4호,KOSPI,2014-02-18,2014,2,18,신청에 의한 상장폐지
080960,동북아3호,KOSPI,2014-02-11,2014,2,11,신청에 의한 상장폐지
053320,테라리소스,KOSDAQ,2014-02-07,2014,2,7,기업의 계속성 및 경영의 투명성 등을 종합적으로 고려하여 상장폐지기준에 해당
900060,중국식품포장,KOSDAQ,2013-10-11,2013,10,11,상장폐지신청('13.09.06)
950070,중국고섬,KOSPI,2013-10-04,2013,10,4,감사의견 의견거절
008080,에스와이코퍼레이션,KOSPI,2013-09-25,2013,9,25,신청에 의한 상장폐지
049000,예당,KOSDAQ,2013-09-10,2013,9,10,기업의 계속성 및 경영의 투명성 등을 종합적으로 고려하여 상장폐지기준에 해당
056810,위다스,KOSDAQ,2013-09-10,2013,9,10,의견거절(감사범위 제한)
080030,동북아2호,KOSPI,2013-08-19,2013,8,19,신청에 의한 상장폐지
035450,지아이바이오,KOSDAQ,2013-08-07,2013,8,7,감사의견거절(감사범위 제한 및 계속기업으로서의 존속능력에 대한 불확실성)
037630,에스비엠,KOSDAQ,2013-07-24,2013,7,24,감사의견거절(감사범위 제한 및 계속기업으로서의 존속능력에 대한 불확실성)
073930,제너시스템즈,KOSDAQ,2013-07-12,2013,7,12,자본전액잠식
025920,우경,KOSDAQ,2013-07-10,2013,7,10,감사의견거절(감사범위 제한)
900010,3노드디지탈,KOSDAQ,2013-06-05,2013,6,5,상장폐지 신청('13.05.08)
012410,글로스텍,KOSPI,2013-06-04,2013,6,4,감사의견 의견거절
033550,룩손에너지,KOSDAQ,2013-05-07,2013,5,7,감사의견거절(감사범위 제한 및 계속기업으로서의 존속능력에 대한 불확실성)
036920,지앤에스티,KOSDAQ,2013-05-07,2013,5,7,감사의견거절(감사범위 제한)
088700,마이스코,KOSDAQ,2013-05-04,2013,5,4,감사의견거절(계속기업으로서의 존속능력에 대한 불확실성)
028090,네오퍼플,KOSDAQ,2013-05-03,2013,5,3,감사의견거절(감사범위 제한 및 계속기업으로서의 존속능력에 대한 불확실성)
003190,알앤엘바이오,KOSPI,2013-05-03,2013,5,3,감사의견 의견거절
051710,디에스,KOSDAQ,2013-05-01,2013,5,1,감사의견거절(감사범위 제한 및 계속기업으로서의 존속능력에 대한 불확실성)
009010,에듀언스,KOSDAQ,2013-05-01,2013,5,1,감사의견거절(감사범위 제한 및 계속기업으로서의 존속능력에 대한 불확실성)
038720,유일엔시스,KOSDAQ,2013-05-01,2013,5,1,감사의견 부적정
046840,자유투어,KOSDAQ,2013-05-01,2013,5,1,감사의견거절(감사범위 제한) 
004940,외환은행,KOSPI,2013-04-26,2013,4,26,신청에 의한 상장폐지
013780,아큐텍,KOSDAQ,2013-04-23,2013,4,23,"기업의 계속성, 경영의 투명성 또는 기타 코스닥시장의 건전성 등을 종합적으로 고려하여 상장폐지가 필요하다고 인정"
071530,유에이블,KOSDAQ,2013-04-23,2013,4,23,"기업의 계속성, 경영의 투명성 또는 기타 코스닥시장의 건전성 등을 종합적으로 고려하여 상장폐지가 필요하다고 인정"
009280,다함이텍,KOSPI,2013-04-16,2013,4,16,매출액 미달(50억원 미만) 2년 계속
006440,한일건설,KOSPI,2013-04-16,2013,4,16,자본전액잠식
026250,삼우이엠씨,KOSDAQ,2013-04-12,2013,4,12,자본전액잠식
052650,이디디컴퍼니,KOSDAQ,2013-04-12,2013,4,12,반기 재무제표에 대한 검토의견거절로 관리종목 지정후 자본잠식률 50% 이상
066060,휴먼텍코리아,KOSDAQ,2013-04-12,2013,4,12,자본전액잠식
093410,코리아06호,KOSPI,2013-04-10,2013,4,10,감사의견 의견거절
093400,코리아05호,KOSPI,2013-04-10,2013,4,10,감사의견 의견거절
099210,코리아07호,KOSPI,2013-04-10,2013,4,10,감사의견 의견거절
068420,엔터기술,KOSDAQ,2013-04-06,2013,4,6,"기업의 계속성, 경영의 투명성 또는 기타 코스닥시장의 건전성 등을 종합적으로 고려하여 상장폐지가 필요하다고 인정"
016570,태평양제약,KOSPI,2013-03-15,2013,3,15,신청에 의한 상장폐지
031920,신민저축은행,KOSDAQ,2013-02-27,2013,2,27,2반기 연속 자본잠식률 50%이상
034010,트라이써클,KOSDAQ,2013-02-21,2013,2,21,"기업의 계속성, 경영의 투명성 또는 기타 코스닥시장의 건전성 등을 종합적으로 고려하여 상장폐지가 필요하다고 인정"
038120,AD모터스,KOSDAQ,2013-01-30,2013,1,30,"기업의 계속성, 경영의 투명성 또는 기타 코스닥시장의 건전성 등을 종합적으로 고려하여 상장폐지가 필요하다고 인정"
015110,중앙건설,KOSPI,2012-12-11,2012,12,11,보통주 주가수준미달
046430,알에스넷,KOSDAQ,2012-12-05,2012,12,5,"기업의 계속성, 경영의 투명성 또는 기타 코스닥시장의 건전성 등을 종합적으로 고려하여 상장폐지가 필요하다고 인정"
045050,큐리어스,KOSDAQ,2012-11-27,2012,11,27,"기업의 계속성, 경영의 투명성 또는 기타 코스닥시장의 건전성 등을 종합적으로 고려하여 상장폐지가 필요하다고 인정"
042820,어울림 네트,KOSDAQ,2012-11-17,2012,11,17,기업의 계속성 및 경영의 투명성 등을 종합적으로 고려하여 상장폐지 기준에 해당한다고 결정
047730,넷웨이브,KOSDAQ,2012-11-17,2012,11,17,기업의 계속성 및 경영의 투명성 등을 종합적으로 고려하여 상장폐지 기준에 해당한다고 결정
026870,코원에너지서비스,KOSPI,2012-11-15,2012,11,15,신청에 의한 상장폐지
043890,한빛방송,KOSDAQ,2012-11-01,2012,11,1,상장폐지 신청('12.09.26)
035210,티브로드도봉강북방송,KOSDAQ,2012-11-01,2012,11,1,상장폐지신청('12.09.26)
038990,넥스콘테크,KOSDAQ,2012-11-01,2012,11,1,상장폐지신청('12.10.09)
016560,서울저축은행,KOSPI,2012-10-17,2012,10,17,자본잠식(자본금의 50/100이상 잠식) 2년 계속
007200,진흥저축은행,KOSPI,2012-10-17,2012,10,17,자본전액잠식
073130,인스프리트,KOSDAQ,2012-10-12,2012,10,12,자본잠식률 50% 이상으로 관리종목 지정 이후 최근 반기의 재무제표에 대한 감사인의 감사의견거절 등
016140,웨스테이트,KOSDAQ,2012-10-12,2012,10,12,상장폐지신청('12.09.12)
071660,SSCP,KOSDAQ,2012-09-29,2012,9,29,최종부도 발생
050050,유아이에너지,KOSDAQ,2012-09-26,2012,9,26,자본전액잠식
900150,성융광전투자,KOSDAQ,2012-09-26,2012,9,26,감사의견거절(감사범위 제한 및 계속기업존속능력 불확실성)
034510,무한투자,KOSDAQ,2012-09-25,2012,9,25,시가총액 40억원 미달
900030,연합과기,KOSPI,2012-09-14,2012,9,14,감사의견 의견거절
007150,동양텔레콤,KOSDAQ,2012-09-11,2012,9,11,2회 연속 자본잠식률 50%이상
033280,어울림엘시스,KOSDAQ,2012-09-11,2012,9,11,2반기 연속 자본잠식률 50%이상
038320,어울림정보,KOSDAQ,2012-09-08,2012,9,8,2반기 연속 자본잠식률 50%이상
019260,엔케이바이오,KOSDAQ,2012-09-05,2012,9,5,"기업의 계속성, 경영의 투명성 또는 기타 코스닥시장의 건전성 등을 종합적으로 고려하여 상장폐지 기준에 해당한다고 결정"
011800,배명금속,KOSPI,2012-09-03,2012,9,3,최종부도발생
105070,금강제강,KOSDAQ,2012-08-14,2012,8,14,최종부도 발생
045260,디에이치패션,KOSDAQ,2012-08-01,2012,8,1,"기업의 계속성, 경영의 투명성 또는 기타 코스닥시장의 건전성 등을 종합적으로 고려하여 상장폐지가 필요하다고 인정"
007800,솔로몬저축은행,KOSPI,2012-07-25,2012,7,25,"기업의 계속성, 경영의 투명성 및 기타 공익과 투자자 보호 등을 종합적으로 고려하여 상장폐지 기준에 해당한다고 결정"
025610,한국저축은행,KOSPI,2012-07-25,2012,7,25,"기업의 계속성, 경영의 투명성 및 기타 공익과 투자자 보호 등을 종합적으로 고려하여 상장폐지 기준에 해당한다고 결정"
098400,엔스퍼트,KOSDAQ,2012-07-24,2012,7,24,"기업의계속성, 경영의 투명성 또는 기타 코스닥시장의 건전성 등을 종합적으로 고려하여 상장폐지 기준에 해당한다고 결정"
000470,그린손해보험,KOSPI,2012-07-16,2012,7,16,자본전액잠식
021060,한림창투,KOSDAQ,2012-06-27,2012,6,27,"기업의계속성, 경영의 투명성 또는 기타 코스닥시장의 건전성 등을 종합적으로 고려하여 상장폐지 기준에 해당한다고 결정"
004550,대우송도개발,KOSPI,2012-06-22,2012,6,22,"기업의 계속성, 경영의 투명성 및 기타 공익과 투자자 보호 등을 종합적으로 고려하여 상장폐지 기준에 해당한다고 결정"
012400,허메스홀딩스,KOSPI,2012-06-12,2012,6,12,감사의견 의견거절
008540,케이비물산,KOSPI,2012-06-08,2012,6,8,감사의견 의견거절
067130,클루넷,KOSDAQ,2012-06-08,2012,6,8,"기업의 계속성, 경영의 투명성 또는 기타 코스닥시장의 건전성 등을 종합적으로 고려하여 상장폐지 기준에 해당한다고 결정"
037240,평안물산,KOSDAQ,2012-06-01,2012,6,1,감사의견거절(감사범위제한)
065310,JH코오스,KOSDAQ,2012-05-31,2012,5,31,기업의 계속성 및 경영의 투명성 등을 종합적으로 고려하여 상장폐지 기준에 해당한다고 결정
108890,거북선4호,KOSPI,2012-05-24,2012,5,24,신청에 의한 상장폐지
001310,풍림산업,KOSPI,2012-05-18,2012,5,18,최종부도발생
053040,블루젬디앤씨,KOSDAQ,2012-05-17,2012,5,17,감사의견거절(감사범위 제한 및 계속기업존속 불확실성)
050470,CT&T,KOSDAQ,2012-05-01,2012,5,1,감사 의견거절(감사범위 제한)
066690,보광티에스,KOSDAQ,2012-05-01,2012,5,1,감사의견 거절(감사범위 제한 및 계속기업존속불확실성)
015200,비앤비성원,KOSDAQ,2012-05-01,2012,5,1,감사의견거절(감사범위제한)
040740,아인스M&M,KOSDAQ,2012-05-01,2012,5,1,감사의견거절(감사범위 제한 및 계속기업존속 불확실성)
065610,폴리플러스,KOSDAQ,2012-05-01,2012,5,1,감사의견거절(감사범위제한)
045470,에이프로테크놀로지,KOSDAQ,2012-04-24,2012,4,24,사업보고서 법정제출기한 익일부터 10일 이내 미제출 등
068630,에피밸리,KOSDAQ,2012-04-24,2012,4,24,사업보고서 법정제출기한 익일부터 10일 이내 미제출
002670,미주제강,KOSDAQ,2012-04-17,2012,4,17,발행한 어음 또는 수표가 주거래은행에 의하여 최종부도로 결정되거나 거래은행에 의한 거래 정지
101790,케이알제2호,KOSPI,2012-04-17,2012,4,17,자본잠식(자본금의 50/100이상 잠식) 2년 계속
052350,코아에스앤아이,KOSDAQ,2012-04-17,2012,4,17,감사의견거절(감사범위 제한)
042340,대국,KOSDAQ,2012-04-13,2012,4,13,최근3사업연도중2사업연도자기자본 50%초과법인세비용차감전손실발생
056710,미리넷,KOSDAQ,2012-04-13,2012,4,13,자본전액잠식
094700,미성포리테크,KOSDAQ,2012-04-13,2012,4,13,자본전액잠식
056010,아이스테이션,KOSDAQ,2012-04-13,2012,4,13,자본전액잠식 등
015390,엘앤씨피,KOSDAQ,2012-04-13,2012,4,13,감사의견거절(감사범위제한)
089480,평산,KOSDAQ,2012-04-13,2012,4,13,감사의견거절(감사범위제한)
114130,거북선5호,KOSPI,2012-03-02,2012,3,2,신청에 의한 상장폐지
114140,거북선6호,KOSPI,2012-03-02,2012,3,2,신청에 의한 상장폐지
134000,거북선7호,KOSPI,2012-03-02,2012,3,2,신청에 의한 상장폐지
088960,씨티엘테크,KOSDAQ,2012-02-08,2012,2,8,기업의 계속성 및 경영의 투명성 등을 종합적으로 고려하여 상장폐지 기준에 해당한다고 결정
037380,에이원마이크로,KOSDAQ,2012-02-01,2012,2,1,기업의 계속성 및 경영의 투명성 등을 종합적으로 고려하여 상장폐지 기준에 해당한다고 결정
046720,엔하이테크,KOSDAQ,2012-02-01,2012,2,1,기업의 계속성 및 경영의 투명성 등을 종합적으로 고려하여 상장폐지 기준에 해당한다고 결정
061050,지앤디윈텍,KOSDAQ,2012-01-20,2012,1,20,기업의 계속성 및 경영의 투명성 등을 종합적으로 고려하여 상장폐지 기준에 해당한다고 결정
025340,그린기술투자,KOSDAQ,2011-12-28,2011,12,28,기업의 계속성 및 경영의 투명성 등을 종합적으로 고려하여 상장폐지 기준에 해당한다고 결정
061140,엘앤피아너스,KOSDAQ,2011-12-28,2011,12,28,"기업의 계속성, 경영의 투명성 또는 기타 코스닥시장의 건전성 등을 종합적으로 고려하여 상장폐지가 필요하다고 결정"
026220,에스티씨라이프,KOSDAQ,2011-11-29,2011,11,29,기업의 계속성 및 경영의 투명성 등을 종합적으로 고려하여 상장폐지 기준에 해당한다고 결정
900020,코웰이홀딩스,KOSDAQ,2011-11-26,2011,11,26,상장폐지신청('11.10.27)
037540,네스테크,KOSDAQ,2011-11-26,2011,11,26,"기업의 계속성, 경영의 투명성 또는 기타 코스닥시장의 건전성 등을 종합적으로 고려하여 상장폐지 기준에 해당한다고 결정"
094520,맵스베트남1,KOSPI,2011-11-24,2011,11,24,신청에 의한 상장폐지
052810,아시아미디어홀딩스,KOSDAQ,2011-11-22,2011,11,22,"기업의 계속성, 경영의 투명성 또는 기타 코스닥시장의 건전성 등을 종합적으로 고려하여 상장폐지 기준에 해당한다고 결정"
950030,네프로아이티,KOSDAQ,2011-11-05,2011,11,5,기업의 계속성 및 경영의 투명성 등을 종합적으로 고려하여 상장폐지 기준에 해당한다고 결정
037550,클라스타,KOSDAQ,2011-10-26,2011,10,26,"자본잠식률 50% 이상으로 관리종목 지정 후, 최근 반기의 재무제표에 대한 감사인의 감사의견 거절"
040180,대양글로벌,KOSDAQ,2011-10-25,2011,10,25,감사의견거절(감사범위 제한)
024100,제일저축은행,KOSPI,2011-10-14,2011,10,14,자본전액잠식
026540,제일창투,KOSDAQ,2011-10-14,2011,10,14,감사의견거절(감사범위제한)
037700,토자이홀딩스,KOSDAQ,2011-10-12,2011,10,12,기업의 계속성 및 경영의 투명성 등을 종합적으로 고려하여 상장폐지 기준에 해당한다고 결정
042870,에코페트로시스템,KOSDAQ,2011-10-06,2011,10,6,감사의견거절(감사범위 제한 및 계속기업으로서의 존속능력에 대한 불확실성)
054010,선팩테크,KOSDAQ,2011-10-06,2011,10,6,감사의견거절(감사범위 제한 및 계속기업으로서의 존속능력에 대한 불확실성)
052880,큐앤에스,KOSDAQ,2011-09-23,2011,9,23,상장폐지사유 발생
081090,씨모텍,KOSDAQ,2011-09-23,2011,9,23,감사의견거절(감사범위 제한 및 계속기업으로서의 존속능력에 대한 불확실성) 등
036840,히스토스템,KOSDAQ,2011-09-15,2011,9,15,"기업의 계속성, 경영의 투명성 또는 기타 코스닥시장의 건전성등을 종합적으로 고려하여 상장폐지가  필요하다고 인정"
066340,케이에스알,KOSDAQ,2011-09-09,2011,9,9,자본잠식률 50% 이상으로 관리종목 지정 후 반기보고서 법정제출기한 익일부터 10일 이내 반기 검토(감사)보고서 미제출
047600,세계투어,KOSDAQ,2011-09-09,2011,9,9,자본잠식률 50% 이상으로 관리종목 지정 후 반기보고서 법정제출기한 익일부터 10일이내 반기검토(감사)보고서 미제출
050640,이룸지엔지,KOSDAQ,2011-08-20,2011,8,20,"기업의 계속성, 경영의 투명성 또는 기타 코스닥시장의 건전성 등을 종합적으로 고려하여 상장폐지가 필요하다고 인정"
034600,글로웍스,KOSDAQ,2011-06-29,2011,6,29,자본잠식률 50%이상으로 관리종목 지정 후 반기 재무제표에 대한 감사의견 거절
105380,다산리츠,KOSPI,2011-06-24,2011,6,24,감사의견 의견거절
052510,에코솔루션,KOSDAQ,2011-06-16,2011,6,16,감사의견거절(감사범위 제한 및 계속기업으로서의 존속능력에 대한 불확실성)
039350,헤파호프,KOSDAQ,2011-06-16,2011,6,16,기업의 계속성 및 경영의 투명성 등을 종합적으로 고려하여 상장폐지 기준에 해당한다고 결정
031950,에듀패스,KOSDAQ,2011-06-09,2011,6,9,"기업의 계속성, 경영의 투명성 또는 기타 코스닥시장의 건전성 등을 종합적으로 고려하여 상장폐지가 필요하다고 인정"
014590,티엘씨레저,KOSPI,2011-05-13,2011,5,13,감사의견 의견거절
017170,훈영,KOSPI,2011-05-13,2011,5,13,감사의견 의견거절
072530,나이스메탈,KOSDAQ,2011-05-07,2011,5,7,감사의견거절(감사범위 제한 및 계속기업으로서의 존속능력에 대한 불확실성)
038710,BRN사이언스,KOSDAQ,2011-05-07,2011,5,7,감사의견거절(계속기업으로서의 존속능력에 대한 불확실성)
030420,디패션,KOSDAQ,2011-05-07,2011,5,7,감사의견 부적정
033850,지노시스템,KOSDAQ,2011-05-07,2011,5,7,감사의견거절(감사범위제한)
088810,맥스브로,KOSDAQ,2011-04-29,2011,4,29,감사의견거절(감사범위 제한 및 계속기업으로서의 존속능력에 대한 불확실성)
039040,유니텍전자,KOSDAQ,2011-04-29,2011,4,29,감사의견거절(감사범위 제한 및 계속기업으로서의 존속능력에 대한 불확실성)
054170,엔빅스,KOSDAQ,2011-04-29,2011,4,29,감사의견거절(감사범위 제한)
017160,세븐코스프,KOSDAQ,2011-04-29,2011,4,29,감사의견거절(감사범위제한 및 계속기업으로서의 존속능력에 대한 불확실성)
043630,지앤알,KOSDAQ,2011-04-29,2011,4,29,감사의견거절(감사범위 제한 및 계속기업으로서의 존속능력에 대한 불확실성)
054150,뉴젠아이씨티,KOSDAQ,2011-04-29,2011,4,29,감사의견거절(감사범위제한)
019430,넥서스투자,KOSDAQ,2011-04-29,2011,4,29,감사의견거절(감사범위제한)
016160,오라바이오틱스,KOSPI,2011-04-26,2011,4,26,공시서류 미제출(사업보고서) 후 10일이내 미제출
037020,한와이어리스,KOSDAQ,2011-04-23,2011,4,23,사업보고서 법정제출기한 익일부터 10일이내 미제출
032290,알티전자,KOSDAQ,2011-04-23,2011,4,23,사업보고서 법정제출기한 익일부터 10일 이내 미제출
049690,포휴먼,KOSDAQ,2011-04-23,2011,4,23,사업보고서 법정제출기한 익일부터 10일이내 미제출
060750,제이콤,KOSDAQ,2011-04-16,2011,4,16,최종부도 발생
013240,셀런,KOSPI,2011-04-15,2011,4,15,자본전액잠식
005350,봉신,KOSPI,2011-04-15,2011,4,15,자본전액잠식
031990,대선조선,KOSDAQ,2011-04-13,2011,4,13,자본전액잠식 등
043680,스톰이앤에프,KOSDAQ,2011-04-13,2011,4,13,자본전액잠식 등
048640,엠엔에프씨,KOSDAQ,2011-04-13,2011,4,13,자본전액잠식 등
030030,중앙디자인,KOSDAQ,2011-04-13,2011,4,13,자본전액잠식
019120,경윤하이드로,KOSDAQ,2011-04-06,2011,4,6,기업의 계속성 및 경영의 투명성 등을 종합적으로 고려하여 상장폐지 기준에 해당한다고 결정
032380,핸디소프트,KOSDAQ,2011-03-03,2011,3,3,기업의 계속성 및 경영의 투명성 등을 종합적으로 고려하여 상장폐지 기준에 해당한다고 결정
009720,전기초자,KOSPI,2011-02-16,2011,2,16,신청에 의한 상장폐지
046240,에스브이에이치,KOSDAQ,2011-02-12,2011,2,12,기업의 계속성 및 경영의 투명성 등을 종합적으로 고려하여 상장폐지 기준에 해당한다고 결정
084450,세실,KOSDAQ,2011-02-10,2011,2,10,감사의견거절(범위제한 및 계속기업 존속 불확실성)
088020,네이쳐글로벌,KOSDAQ,2011-01-08,2011,1,8,"기업의 계속성, 경영의 투명성 또는 기타 코스닥시장의 건전성 등을 종합적으로 고려하여 상장폐지 기준에 해당한다고 결정"
082110,동북아8호,KOSPI,2011-01-04,2011,1,4,종목별 상장폐지신청
052210,엠씨티티코어,KOSDAQ,2010-12-04,2010,12,4,"기업의 계속성, 경영의 투명성 또는 기타 코스닥시장의 건전성 등을 종합적으로 고려하여 상장폐지 기준에 해당한다고 결정"
101380,거북선2호,KOSPI,2010-12-03,2010,12,3,신청에 의한 상장폐지
102000,거북선3호,KOSPI,2010-12-03,2010,12,3,신청에 의한 상장폐지
047450,이앤텍,KOSDAQ,2010-11-30,2010,11,30,"기업의 계속성, 경영의 투명성 또는 기타 코스닥시장의 건전성 등을 종합적으로 고려하여 상장폐지 기준에 해당한다고 결정"
078420,동북아1호,KOSPI,2010-11-29,2010,11,29,신청에 의한 상장폐지
048140,태광이엔시,KOSDAQ,2010-11-25,2010,11,25,"기업의 계속성, 경영의 투명성 또는 기타 코스닥시장의 건전성 등을 종합적으로 고려하여 상장폐지 기준에 해당한다고 결정"
048510,테스텍,KOSDAQ,2010-11-10,2010,11,10,최근 사업연도말 기준으로 자본잠식률 100분의 50 이상 및 자기자본 10억원 미만의 사유로 관리종목으로 지정된 후 최근 반기말 외부감사인의 감사보고서상 계속기업 존속능력에 대한 불확실성으로 인한 의견거절 발생
070080,하이드로젠파워,KOSDAQ,2010-11-06,2010,11,6,최종부도
080410,동북아6호,KOSPI,2010-10-25,2010,10,25,신청에 의한 상장폐지
052970,올리브나인,KOSDAQ,2010-10-20,2010,10,20,"기업의 계속성, 경영의 투명성 또는 기타 코스닥시장의 건전성 등을 종합적으로 고려하여 상장폐지 기준에 해당한다고 결정"
058900,투미비티,KOSDAQ,2010-10-12,2010,10,12,"기업의 계속성, 경영의 투명성 또는 기타 코스닥시장의 건전성 등을 종합적으로 고려하여 상장폐지 기준에 해당한다고 결정"
055250,다휘,KOSDAQ,2010-10-01,2010,10,1,"기업의 계속성, 경영의 투명성 또는 기타 코스닥시장의 건전성 등을 종합적으로 고려하여 상장폐지 기준에 해당한다고 결정"
035400,브이에스에스티,KOSDAQ,2010-10-01,2010,10,1,기업의 계속성 및 경영의 투명성 등을 종합적으로 고려하여 상장폐지가 필요하다고 인정
033030,지오엠씨,KOSDAQ,2010-09-25,2010,9,25,"기업의 계속성, 경영의 투명성 또는 기타 코스닥시장의 건전성 등을 종합적으로 고려하여 상장폐지 기준에 해당한다고 결정"
041450,인네트,KOSDAQ,2010-09-14,2010,9,14,최종부도 발생
089240,네오세미테크,KOSDAQ,2010-09-03,2010,9,3,감사의견거절(감사범위 제한)
058690,퓨쳐인포넷,KOSDAQ,2010-08-26,2010,8,26,기업의 계속성 및 경영의 투명성 등을 종합적으로 고려하여 상장폐지가 필요하다고 인정
041550,쎄라텍,KOSDAQ,2010-08-25,2010,8,25,"기업의 계속성, 경영의 투명성 또는 기타 코스닥시장의 건전성 등을 종합적으로 고려하여 상장폐지 기준에 해당한다고 결정"
012580,톰보이,KOSPI,2010-07-30,2010,7,30,최종부도발생
018890,모라리소스,KOSDAQ,2010-07-22,2010,7,22,"기업의 계속성, 경영의 투명성 또는 기타 코스닥시장의  건전성 등을 종합적으로 고려하여 상장폐지 기준에 해당한다고 결정"
011050,케드콤,KOSPI,2010-07-22,2010,7,22,감사의견 의견거절
047710,액티투오,KOSDAQ,2010-07-21,2010,7,21,"기업의 계속성, 경영의 투명성 또는 기타 코스닥시장의 건전성 등을 종합적으로 고려하여 상장폐지 기준에 해당한다고 결정"
035830,메카포럼,KOSDAQ,2010-07-16,2010,7,16,"기업의 계속성, 경영의 투명성 또는 기타 코스닥시장의 건전성 등을 종합적으로 고려하여 상장폐지 기준에 해당한다고 결정"
084240,동북아15호,KOSPI,2010-07-13,2010,7,13,신청에 의한 상장폐지
066300,샤인시스템,KOSDAQ,2010-06-29,2010,6,29,"기업의 계속성, 경영의 투명성 또는 기타 코스닥시장의 건전성 등을 종합적으로 고려하여 상장폐지 기준에 해당한다고 결정"
066930,에스디,KOSDAQ,2010-06-29,2010,6,29,상장폐지신청('10.06.01)
023670,알이엔,KOSDAQ,2010-06-17,2010,6,17,"기업의 계속성, 경영의 투명성 또는 기타 코스닥시장의 건전성 등을 종합적으로 고려하여 상장폐지 기준에 해당한다고 결정"
068770,선우중공업,KOSDAQ,2010-06-17,2010,6,17,"기업의 계속성, 경영의 투명성 또는 기타 코스닥시장의 건전성 등을 종합적으로 고려하여 상장폐지 기준에 해당한다고 결정"
011400,케이씨오에너지,KOSPI,2010-05-20,2010,5,20,최종부도발생
067850,바이나믹,KOSDAQ,2010-05-19,2010,5,19,당해 코스닥시장상장법인의 계속성 및 경영의 투명성 등을 종합적으로 고려한 결과 상장폐지기준에 해당한다고 결정
018410,현대금속,KOSPI,2010-05-13,2010,5,13,감사의견 의견거절
007490,태창기업,KOSPI,2010-05-13,2010,5,13,감사의견 의견거절
041630,인젠,KOSDAQ,2010-05-08,2010,5,8,감사범위제한으로 인한 의견거절
085990,단성일렉트론,KOSDAQ,2010-05-08,2010,5,8,감사의견거절(감사범위제한)
058480,해원에스티,KOSDAQ,2010-05-08,2010,5,8,감사범위제한으로 인한 감사의견거절
057100,하이스마텍,KOSDAQ,2010-05-08,2010,5,8,감사의견거절(감사범위제한)
053470,오페스,KOSDAQ,2010-05-08,2010,5,8,감사범위제한으로 인한 감사의견 거절
074140,엑스로드,KOSDAQ,2010-05-08,2010,5,8,감사범위제한으로 인한 의견거절
030390,쏠라엔텍,KOSDAQ,2010-05-08,2010,5,8,감사의견거절(감사범위제한 및 계속기업 존속 불확실)
041320,보홍,KOSDAQ,2010-05-08,2010,5,8,감사의견거절(감사범위제한)
065410,지엔텍홀딩스,KOSDAQ,2010-05-05,2010,5,5,감사의견거절(감사범위제한 및 계속기업 존속 불확실)
041030,이루넷,KOSDAQ,2010-05-05,2010,5,5,감사범위제한으로 인한 감사의견 거절
012090,성원건설,KOSPI,2010-05-03,2010,5,3,감사의견 의견거절
024870,유성티에스아이,KOSPI,2010-05-03,2010,5,3,감사의견 의견거절
069470,제로원인터랙티브,KOSPI,2010-05-03,2010,5,3,감사의견 의견거절
035710,CL,KOSDAQ,2010-05-01,2010,5,1,감사범위제한으로 인한 감사의견거절
037110,JS,KOSDAQ,2010-05-01,2010,5,1,감사의견거절(감사범위제한)
078670,아구스,KOSDAQ,2010-05-01,2010,5,1,감사의견거절(감사범위제한 및 계속기업 존속 불확실)
020070,에버리소스,KOSDAQ,2010-05-01,2010,5,1,감사범위제한 및 계속기업존속능력에 대한 불확실성으로 인한 감사의견거절
076090,테이크시스템,KOSDAQ,2010-04-23,2010,4,23,감사의견거절(감사범위제한)
002540,고제,KOSPI,2010-04-23,2010,4,23,감사의견 의견거절
045290,포네이처,KOSDAQ,2010-04-23,2010,4,23,사업보고서 법정제출기한 익일부터 10일이내 미제출
033190,폴켐,KOSDAQ,2010-04-23,2010,4,23,사업보고서 법정제출기한 익일부터 10일이내 미제출
053440,성우몰드,KOSDAQ,2010-04-21,2010,4,21,상장폐지신청('10.3.29)
048130,에스피코프,KOSDAQ,2010-04-20,2010,4,20,최종부도 발생
038690,에이스일렉,KOSDAQ,2010-04-17,2010,4,17,감사의견거절(감사범위제한)
033260,쌈지,KOSDAQ,2010-04-17,2010,4,17,최종부도 발생
001600,서광건설,KOSPI,2010-04-15,2010,4,15,자본전액잠식
004820,조인에너지,KOSPI,2010-04-15,2010,4,15,자본전액잠식
034660,제넥셀,KOSDAQ,2010-04-15,2010,4,15,감사범위제한으로 인한 감사의견 거절
017300,에이치비이에너지,KOSPI,2010-04-15,2010,4,15,자본전액잠식
065340,쓰리디월드,KOSDAQ,2010-04-15,2010,4,15,감사의견거절(감사범위제한)
060670,유퍼트,KOSDAQ,2010-04-13,2010,4,13,자본전액잠식
046350,에듀아크,KOSDAQ,2010-04-13,2010,4,13,최근 3사업연도 연속 자기자본 대비 50% 초과 법인세 비용차감전계속사업손실 발생
015170,중앙바이오텍,KOSDAQ,2010-04-13,2010,4,13,자본전액잠식
032030,일공공일안경,KOSDAQ,2010-04-13,2010,4,13,자본전액잠식
008340,코레스,KOSDAQ,2010-04-13,2010,4,13,자본전액잠식
051810,모보,KOSDAQ,2010-04-13,2010,4,13,최근 3사업연도 연속 자기자본 50%초과 법인세비용차감전 계속사업손실 등
079560,모젬,KOSDAQ,2010-04-13,2010,4,13,최근 3사업연도 연속 자기자본 대비 50% 초과 법인세 비용차감전계속사업손실 발생
064060,사이노젠,KOSDAQ,2010-04-13,2010,4,13,자본전액잠식
045880,유티엑스,KOSDAQ,2010-04-10,2010,4,10,기업의 계속성 및 경영의 투명성 등을 종합적으로 고려하여 상장폐지가 필요하다고 인정
017050,스타맥스,KOSDAQ,2010-04-05,2010,4,5,"기업의 계속성, 경영의 투명성 또는 기타 코스닥시장의 건전성 등을 종합적으로 고려하여 상장폐지가 필요하다고 인정 "
054020,GK파워,KOSDAQ,2010-04-03,2010,4,3,최종부도
084810,아이알디,KOSDAQ,2010-04-01,2010,4,1,당해 코스닥시장상장법인의 계속성 및 경영의 투명성 등을 종합적으로 고려한 결과 상장폐지기준에 해당한다고 결정
017010,제너비오믹스,KOSDAQ,2010-03-26,2010,3,26,- 주된 영업이 정지되어 코스닥시장상장규정 제38조제2항제1호(삭제 ‘09.12.2)의 상장폐지기준 해당 / 기업의 계속성 및 경영의 투명성 등을 종합적으로 고려한 결과 코스닥시장상장규정 제38조제2항제5호라목(신설 ‘09.12.2)의 상장폐지기준 해당 
008320,한국기술산업,KOSPI,2010-03-11,2010,3,11,감사의견 의견거절
015050,비전하이테크,KOSDAQ,2010-03-09,2010,3,9,"기업의 계속성, 경영의 투명성 또는 기타 코스닥시장의 건전성 등을 종합적으로 고려하여 상장폐지가 필요하다고 인정"
056850,코어비트,KOSDAQ,2010-03-09,2010,3,9,"기업의 계속성, 경영의 투명성 또는 기타 코스닥시장의 건전성 등을 종합적으로 고려하여 상장폐지가 필요하다고 인정"
041800,코디콤,KOSDAQ,2010-03-09,2010,3,9,"기업의 계속성, 경영의 투명성 또는 기타 코스닥시장의 건전성 등을 종합적으로 고려하여 상장폐지가 필요하다고 인정"
078700,신지소프트,KOSDAQ,2010-02-27,2010,2,27,시가총액 40억원 미달
031960,동산진흥,KOSDAQ,2010-02-20,2010,2,20,"기업의 계속성, 경영의 투명성 또는 기타 코스닥시장의 건전성 등을 종합적으로 고려하여 상장폐지기준에 해당한다고 결정"
067950,티이씨,KOSDAQ,2010-02-20,2010,2,20,당해 코스닥시장상장법인의 계속성 및 경영의 투명성 등을 종합적으로 고려한 결과 상장폐지기준에 해당한다고 결정
045400,이롬텍,KOSDAQ,2010-02-11,2010,2,11,"정기보고서 미제출로 관리종목 지정후 법정제출기한내 사업보고서 미제출, 2회 연속 정기주주총회 미개최 또는 재무제표 미승인, 자본전액잠식 "
037830,글로포스트,KOSDAQ,2010-02-09,2010,2,9,"기업의 계속성, 경영의 투명성 또는 기타 코스닥시장의 건전성 등을 종합적으로 고려하여 상장폐지가 필요하다고 인정"
080140,디보스,KOSDAQ,2010-02-02,2010,2,2,자본잠식률 50%이상사유로 관리종목지정후 반기 감사의견 부적정
047940,비엔디,KOSDAQ,2010-01-29,2010,1,29,당해 코스닥시장상장법인의 계속성 및 경영의 투명성 등을 종합적으로 고려한 결과 상장폐지기준에 해당한다고 결정
037510,굿라이프10-MF,KOSDAQ,2010-01-26,2010,1,26,자본시장과금융투자업에관한법률 제202조제1항에 의한 해산사유에 해당하는 경우
083120,동북아9호,KOSPI,2010-01-20,2010,1,20,신청에 의한 상장폐지
062730,케너텍,KOSDAQ,2009-12-23,2009,12,23,회생절차폐지결정사유 및 당해 코스닥시장상장법인의 계속기업 가능성 유무를 고려한 결과  상장폐지기준에 해당한다고 결정
085680,모빌탑,KOSDAQ,2009-11-25,2009,11,25,"기업의 계속성, 경영의 투명성 또는 기타 코스닥시장의 건전성 등을 종합적으로 고려하여 상장폐지가 필요하다고 인정"
036660,플러스프로핏,KOSDAQ,2009-11-20,2009,11,20,감사범위 제한에 따른 감사의견 거절
014420,프로비타,KOSDAQ,2009-11-06,2009,11,6,주된 영업의 정지에 의한 상장폐지기준 해당
051530,굿이엠지,KOSDAQ,2009-11-03,2009,11,3,주된 영업의 정지에 의한 상장폐지기준 해당
035010,소예,KOSDAQ,2009-11-03,2009,11,3,최근 사업연도의 재무제표에 대한 감사인의 감사의견거절
092970,거북선1호,KOSPI,2009-10-16,2009,10,16,신청에 의한 상장폐지
001950,남한제지,KOSPI,2009-10-15,2009,10,15,자본잠식(자본금의 50/100이상 잠식) 2년 계속
066850,아이드림,KOSDAQ,2009-10-07,2009,10,7,자본잠식률 50%이상으로 관리종목 지정 후 반기 재무제표에 대한 감사의견 거절
044770,에이엠에스,KOSDAQ,2009-10-07,2009,10,7,"자본전액잠식, 2반기 연속 자본잠식률 50%이상, 2반기 연속 자기자본 10억원 미만"
052640,제네시스,KOSDAQ,2009-10-07,2009,10,7,"기업의 계속성, 경영의 투명성 또는 기타 코스닥시장의 건전성 등을 종합적으로 고려하여 상장폐지가 필요하다고 인정"
073710,씨디네트웍스,KOSDAQ,2009-09-23,2009,9,23,상장폐지신청(2009.08.31)
032570,카라반케이디이,KOSDAQ,2009-09-18,2009,9,18,발행한 어음 또는 수표가 주거래은행에 의하여 최종부도로 결정되거나 거래은행에 의한 거래 정지
058550,네오리소스,KOSDAQ,2009-09-15,2009,9,15,자본잠식률 50%이상 및 자기자본 10억원 미만으로 관리종목 지정 후 반기의 재무제표에 대한 감사의견 거절
054650,뉴젠비아이티,KOSDAQ,2009-09-04,2009,9,4,반기보고서 법정제출기한 익일부터 10일이내 반기검토(감사)보고서 미제출
033880,블루멈,KOSDAQ,2009-09-04,2009,9,4," - 2회연속 자본잠식률 50% 이상
  - 2009.3.31 자본잠식률 50% 이상으로 관리종목 지정 후,
  최근 반기의 재무제표에 대한 감사인의 감사의견 거절"
035500,써니트렌드,KOSDAQ,2009-09-04,2009,9,4,"-2회연속 자본잠식률 50%이상
 -2회연속 자기자본 10억원미만
 -자본잠식률 50%이상 및 자기자본 10억원미만으로 관리종목 지정후 최근 반기 재무제표에 대한 외부감사인의 감사의견 의견거절"
046320,MTRON,KOSDAQ,2009-08-28,2009,8,28,2회연속 자본잠식률 50%이상 및 자기자본 10억원 미만
035950,케이알,KOSDAQ,2009-08-21,2009,8,21,감사범위제한으로 인한 감사의견거절 및 계속기업 불확실성으로 인한 감사의견거절 사유해소 확인서 미제출
038830,케이엠에스,KOSDAQ,2009-08-08,2009,8,8,"기업의 계속성, 경영의 투명성 또는 기타 코스닥시장의 건전성 등을 종합적으로 고려하여 상장폐지가 필요하다고 인정"
006210,휴리프,KOSPI,2009-07-15,2009,7,15,자본잠식(자본금의 50/100이상 잠식) 2년 계속
063280,사이버패스,KOSDAQ,2009-07-08,2009,7,8,"기업의 계속성, 경영의 투명성 또는 기타 코스닥시장의 건전성 등을 종합적으로 고려하여 상장폐지가 필요하다고 인정"
031800,ST&I,KOSDAQ,2009-07-01,2009,7,1,"기업의 계속성, 경영의 투명성 또는 기타 코스닥시장의 건전성 등을 종합적으로 고려하여 상장폐지가 필요하다고 인정"
052560,삼성수산,KOSDAQ,2009-07-01,2009,7,1,"기업의 계속성, 경영의 투명성 또는 기타 코스닥시장의 건전성 등을 종합적으로 고려하여 상장폐지가 필요하다고 인정"
079340,하이럭스,KOSDAQ,2009-06-24,2009,6,24,"기업의 계속성, 경영의 투명성 또는 기타 코스닥시장의 건전성 등을 종합적으로 고려하여 상장폐지가 필요하다고 인정"
036610,지디코프,KOSDAQ,2009-06-17,2009,6,17,"기업의 계속성, 경영의 투명성 또는 기타 코스닥시장의 건전성 등을 종합적으로 고려하여 상장폐지가 필요하다고 인정"
036270,헤쎄나,KOSDAQ,2009-06-17,2009,6,17,"기업의 계속성, 경영의 투명성 또는 기타 코스닥시장의 건전성 등을 종합적으로 고려하여 상장폐지가 필요하다고 인정"
039990,코아정보,KOSDAQ,2009-06-10,2009,6,10,"기업의 계속성, 경영의 투명성 또는 기타 코스닥시장의 건전성 등을 종합적으로 고려하여 상장폐지가 필요하다고 인정"
053070,트리니티,KOSDAQ,2009-06-03,2009,6,3,"기업의 계속성, 경영의 투명성 또는 기타 코스닥시장의 건전성 등을 종합적으로 고려하여 상장폐지가 필요하다고 인정"
038920,지이엔에프,KOSDAQ,2009-05-29,2009,5,29,"기업의 계속성, 경영의 투명성 또는 기타 코스닥시장의 건전성 등을 종합적으로 고려하여 상장폐지가 필요하다고 인정"
040020,사라콤,KOSDAQ,2009-05-27,2009,5,27,자본전액잠식
059720,야호,KOSDAQ,2009-05-27,2009,5,27,감사의견거절(감사범위제한)
033720,블루스톤,KOSDAQ,2009-05-15,2009,5,15,감사의견거절(계속기업으로서의 존속능력에 대한 불확실성)
036790,자강,KOSDAQ,2009-05-15,2009,5,15,감사의견거절(계속기업 존속 불확실성)
000790,C&상선,KOSPI,2009-05-13,2009,5,13,감사의견 의견거절
013200,C&우방,KOSPI,2009-05-13,2009,5,13,감사의견 의견거절
008400,C&중공업,KOSPI,2009-05-13,2009,5,13,감사의견 의견거절
006070,기린,KOSPI,2009-05-13,2009,5,13,감사의견 의견거절
001970,신성건설,KOSPI,2009-05-13,2009,5,13,감사의견 의견거절
009690,케이엠에이치,KOSPI,2009-05-13,2009,5,13,감사의견 의견거절
048270,포넷,KOSDAQ,2009-05-04,2009,5,4,자본전액잠식
003990,BHK,KOSPI,2009-04-30,2009,4,30,감사의견 의견거절
004230,세신,KOSPI,2009-04-30,2009,4,30,감사의견 의견거절
053170,코스모스피엘씨,KOSDAQ,2009-04-30,2009,4,30,자본전액잠식
036360,3SOFT,KOSDAQ,2009-04-29,2009,4,29,감사의견거절(감사범위제한)
026230,IDH,KOSDAQ,2009-04-29,2009,4,29,감사범위 제한에 따른 감사의견 거절
080570,IC코퍼레이션,KOSDAQ,2009-04-29,2009,4,29,감사의견거절(감사범위제한)
077960,케이이엔지,KOSDAQ,2009-04-29,2009,4,29,감사의견거절(감사범위제한)
071360,나노하이텍,KOSDAQ,2009-04-29,2009,4,29,감사의견거절(감사범위제한)
081500,엑스씨이,KOSDAQ,2009-04-29,2009,4,29,감사의견거절(감사범위제한)
025460,팬텀엔터그룹,KOSDAQ,2009-04-29,2009,4,29,감사범위 제한에 따른 감사의견 거절
056020,쿨투,KOSDAQ,2009-04-29,2009,4,29,감사의견거절(감사범위제한)
001190,마이크로닉스,KOSPI,2009-04-27,2009,4,27,공시서류 미제출(사업보고서) 후 10일이내 미제출
036280,뉴켐진스템셀,KOSDAQ,2009-04-24,2009,4,24,"기업의 계속성, 경영의 투명성 또는 기타 코스닥시장의 건전성 등을 종합적으로 고려하여 상장폐지가 필요하다고 인정"
041310,모빌링크,KOSDAQ,2009-04-23,2009,4,23,자본전액잠식
052310,H1바이오,KOSDAQ,2009-04-23,2009,4,23,3회 연속 자기자본 50%초과 법인세비용차감전계속사업손실
036760,KNS홀딩스,KOSDAQ,2009-04-23,2009,4,23,"감사의견거절(감사범위제한), 법정제출기한까지 사업보고서를 제출하지 아니한 후 법정제출기한의 다음날부터 10일 이내에 사업보고서 미제출  "
038410,트라이콤,KOSDAQ,2009-04-23,2009,4,23,법정제출기한까지 사업보고서를 제출하지 아니한 후 법정제출기한의 다음날부터 10일 이내에 사업보고서 미제출
019640,희훈디앤지,KOSDAQ,2009-04-23,2009,4,23,자본전액잠식
076170,GBS,KOSPI,2009-04-22,2009,4,22,감사의견 의견거절
065910,PW제네틱스,KOSDAQ,2009-04-18,2009,4,18,감사의견거절(감사범위제한) 
007050,유리이에스,KOSPI,2009-04-15,2009,4,15,최종부도발생
073780,케이디세코,KOSDAQ,2009-04-11,2009,4,11,2회 연속 자본잠식률 50%이상
066200,이노블루,KOSDAQ,2009-04-11,2009,4,11,"2년연속 매출액 30억원 미달, 자본전액잠식"
047370,에프아이투어,KOSDAQ,2009-04-11,2009,4,11,자본전액잠식
038810,포이보스,KOSDAQ,2009-04-11,2009,4,11,자본전액잠식
060550,우수씨엔에스,KOSDAQ,2009-04-11,2009,4,11,자본전액잠식
053890,미디어코프,KOSDAQ,2009-04-11,2009,4,11,자본전액잠식
079870,산양전기,KOSDAQ,2009-04-11,2009,4,11,자본전액잠식
016040,디에스피,KOSDAQ,2009-04-11,2009,4,11,자본전액잠식
078610,도움,KOSDAQ,2009-04-11,2009,4,11,자본전액잠식
093730,동북아31호,KOSPI,2009-03-13,2009,3,13,신청에 의한 상장폐지
005760,위너스인프라인,KOSPI,2009-02-19,2009,2,19,감사의견 의견거절
007640,HK저축은행,KOSDAQ,2009-02-03,2009,2,3,상장폐지신청(2009.01.12)
072430,아이레보,KOSDAQ,2009-02-03,2009,2,3,상장폐지신청(2009.01.12)
039060,아이비진,KOSDAQ,2008-12-20,2008,12,20,최종부도
089170,동북아27호,KOSPI,2008-11-05,2008,11,5,신청에 의한 상장폐지
089180,동북아28호,KOSPI,2008-11-05,2008,11,5,신청에 의한 상장폐지
089190,동북아29호,KOSPI,2008-11-05,2008,11,5,신청에 의한 상장폐지
089200,동북아30호,KOSPI,2008-11-05,2008,11,5,신청에 의한 상장폐지
050600,세라온,KOSDAQ,2008-09-09,2008,9,9,2회연속 자본잠식률 50%이상
060410,베스트플로우,KOSDAQ,2008-08-25,2008,8,25,2연속 자본잠식률 50%이상 및 자기자본 10억원 미만
034750,디씨씨,KOSDAQ,2008-07-12,2008,7,12,2분기 연속 거래실적부진사유 미해소
045760,한통데이타,KOSDAQ,2008-06-13,2008,6,13,감사의견거절(감사범위제한)
060660,한도하이테크,KOSDAQ,2008-05-03,2008,5,3,감사의견거절(감사범위제한)
044370,조이토토,KOSDAQ,2008-05-03,2008,5,3,감사의견거절(감사범위제한)
033330,두림티앤씨,KOSDAQ,2008-05-03,2008,5,3,감사의견거절(감사범위제한)
055970,에너윈,KOSDAQ,2008-05-03,2008,5,3,감사의견거절(감사범위제한)
035270,청람디지탈,KOSDAQ,2008-04-23,2008,4,23,"법정제출기한까지 사업보고서를 제출하지 아니한 후
법정제출기한의 다음날부터 10일 이내에 사업보고서
미제출"
057330,플래닛82,KOSDAQ,2008-04-23,2008,4,23,"최근 3사업연도 연속 자기자본 대비 50% 초과 법인세
비용차감전계속사업손실 발생"
041940,한텔,KOSDAQ,2008-04-23,2008,4,23,2연속 자본잠식률 50% 이상
004530,SY,KOSPI,2008-04-22,2008,4,22,감사의견 의견거절
065810,UC아이콜스,KOSDAQ,2008-04-17,2008,4,17,"자본전액잠식, 2회연속 자본잠식률 50%이상, 2회연속 자기자본 10억원 미만"
066330,시큐리티KOR,KOSDAQ,2008-04-12,2008,4,12,2연속 자본잠식률 50%이상 및 자기자본 10억원 미만
032590,엔토리노,KOSDAQ,2008-04-12,2008,4,12,자본전액잠식
042570,퓨쳐비젼,KOSDAQ,2008-04-12,2008,4,12,자본전액잠식
064720,모델라인,KOSDAQ,2008-04-12,2008,4,12,"자본전액잠식,최근3사업연도 연속
자기자본 대비 50%초과 법인세차감전계속사업손실"
012460,우영,KOSDAQ,2008-03-13,2008,3,13,최종부도
015670,AP우주통신,KOSPI,2007-09-12,2007,9,12,감사의견 의견거절
038420,씨엔씨엔터,KOSDAQ,2007-08-29,2007,8,29,2회연속 자본잠식률 50% 이상 및 자기자본 10억원 미만
045310,이레전자산업,KOSDAQ,2007-05-08,2007,5,8,자본전액잠식
014900,삼보컴퓨터,KOSPI,2007-04-25,2007,4,25,자본전액잠식
025930,팬택,KOSPI,2007-04-25,2007,4,25,자본전액잠식
063350,팬택앤큐리텔,KOSPI,2007-04-25,2007,4,25,자본전액잠식
025830,한국합섬,KOSPI,2007-04-25,2007,4,25,감사의견 부적정
054790,제이엠피,KOSDAQ,2007-04-24,2007,4,24,감사의견거절
054440,엠텍반도체,KOSDAQ,2007-04-13,2007,4,13,자본전액잠식
054250,예일바이오텍,KOSDAQ,2007-04-11,2007,4,11,"감사의견거절, 자본전액잠식, 2년 연속 자본잠식률 50% 이상"
037060,시큐어소프트,KOSDAQ,2007-04-04,2007,4,4,재감사보고서상 감사의견거절
048760,VK,KOSDAQ,2006-07-22,2006,7,22,최종부도
047420,레이더스컴퍼니,KOSDAQ,2006-07-13,2006,7,13,감사의견 범위제한 의견거절
016970,씨크롭,KOSPI,2006-07-13,2006,7,13,감사의견 의견거절
041500,대한바이오,KOSDAQ,2006-04-25,2006,4,25,2사업연도 연속 매출액 30억원 미달(상장폐지사유일 : 2006년 04월 10일)
066480,휘튼,KOSDAQ,2006-04-25,2006,4,25,감사의견거절(상장폐지사유발생일 : 2006년 4월 10일)
039110,에스피컴텍,KOSDAQ,2006-04-15,2006,4,15,2사업연도 연속 매출액 30억원 미달(상장폐지사유 발생일 : 2006년 03월 31일)
056060,세니콘,KOSDAQ,2006-04-08,2006,4,8,감사범위제한으로 인한 의견거절(상장폐지사유 발생일 : 2006년 03월 27일)
014010,인터피온반도체,KOSPI,2005-12-28,2005,12,28,감사의견 의견거절
019560,한국파트너스,KOSDAQ,2005-12-24,2005,12,24,상장폐지신청(2005.12.21)
039870,피케이엘,KOSDAQ,2005-11-09,2005,11,9,상장폐지신청(2005.10.14)
057110,아이티센,KOSDAQ,2005-10-22,2005,10,22,"최근사업연도말 현재 자본잠식률 100분의50이상의 사유로
관리종목지정된 후, 최근 반기말기준으로 감사의견거절 및
반기말 자본잠식률이 100분의 50 이상"
021570,알루코,KOSDAQ,2005-10-13,2005,10,13,최종부도(상장폐지사유 발생일 : 2005년 09월 27일)
038980,이지클럽,KOSDAQ,2005-09-10,2005,9,10,최근사업연도말 기준 자본잠식률 100분의 50이상의 사유로 관리종목지정 후 법정제출기한 다음날로부터 10일이내 반기보고서 미제출
055810,KTC텔레콤,KOSDAQ,2005-08-13,2005,8,13,최종부도(상장폐지사유 발생일 : 2005년 07월 29일)
001580,신광기업,KOSPI,2005-08-05,2005,8,5,감사의견 의견거절
006250,극동전선,KOSPI,2005-07-18,2005,7,18,보통주 거래량요건 미충족(월평균거래량 1/100미만) 2분기 계속
008270,산은캐피탈,KOSPI,2005-06-16,2005,6,16,신청에 의한 상장폐지
042950,미래코리아1MF,KOSDAQ,2005-06-04,2005,6,4,존립기간의 만료
008030,아이텍스필,KOSDAQ,2005-06-02,2005,6,2,최종부도(상장폐지사유 발생일 : 2005년 05월 02일)
032180,이수세라믹,KOSDAQ,2005-05-25,2005,5,25,상장폐지신청(2005.04.28)
038960,현주컴퓨터,KOSDAQ,2005-05-11,2005,5,11,최종부도(상장폐지사유 발생일 : 2005년 04월 25일)
002480,범양사,KOSDAQ,2005-05-04,2005,5,4,주식분산기준 미달 2년 연속
033220,남성알미늄,KOSDAQ,2005-05-04,2005,5,4,주식분산기준 미달 2년 연속
046810,KEPS,KOSDAQ,2005-04-30,2005,4,30,경상손실 및 시가총액 50억원 미달 2회 연속(상장폐지사유 발생일 : 2005년 4월 15일)
030950,보진재,KOSDAQ,2005-04-30,2005,4,30,경상손실 및 시가총액 50억원 미달 2회 연속(상장폐지사유 발생일 : 2005년 4월 15일)
009940,대아리드선,KOSPI,2005-04-28,2005,4,28,자본전액잠식
008120,모토조이,KOSPI,2005-04-28,2005,4,28,자본전액잠식
001670,경남모직,KOSPI,2005-04-28,2005,4,28,회사정리절차 법인의 상장적격성 불인정
044440,솔빛미디어,KOSDAQ,2005-04-26,2005,4,26,감사의견거절(상장폐지사유 발생일 : 2005년 04월 11일)
032050,후야인포넷,KOSDAQ,2005-04-26,2005,4,26,자본전액잠식(상장폐지사유 발생일 : 2005년 04월 11일)
036900,택산아이엔씨,KOSDAQ,2005-04-23,2005,4,23,감사의견거절
000110,제일은행,KOSPI,2005-04-22,2005,4,22,신청에 의한 상장폐지
036820,BET,KOSDAQ,2005-04-21,2005,4,21,감사범위제한 한정(상장폐지사유 발생일 : 2005년 03월 21일)
009890,맥슨텔레콤,KOSPI,2005-04-21,2005,4,21,자본전액잠식
032610,에스오케이,KOSDAQ,2005-04-21,2005,4,21,감사의견거절(상장폐지사유 발생일 : 2005년 04월 06일)
049130,하우리,KOSDAQ,2005-04-20,2005,4,20,감사의견거절(상장폐지사유 발생일 : 2005년 03월 21일)
009760,한국컴퓨터지주,KOSPI,2005-04-19,2005,4,19,보통주 주식분포요건 미충족(일반주주 주식수 10/100미만) 2년 계속
036590,케이엔티,KOSDAQ,2005-04-16,2005,4,16,자본전액잠식(상장폐지사유발생일 : 2005년 03월 31일)
009360,베네데스하이텍,KOSPI,2005-04-15,2005,4,15,감사의견 의견거절
012250,셰프라인,KOSPI,2005-04-15,2005,4,15,감사의견 의견거절
006750,센추리,KOSPI,2005-04-14,2005,4,14,감사의견 의견거절
042960,창민테크,KOSDAQ,2005-04-13,2005,4,13,감사의견거절(상장폐지사유 발생일 : 2005년 03월 28일)
054370,업필,KOSDAQ,2005-04-12,2005,4,12,감사의견거절(상장폐지사유 발생일 : 2005년 03월 26일)
037220,넥스텔,KOSDAQ,2005-04-09,2005,4,9,최종부도(상장폐지사유 발생일 : 2005년 03월 24일)
038100,아이엠아이티,KOSDAQ,2005-04-08,2005,4,8,감사의견거절(상장폐지사유 발생일 : 2005년 03월 23일)
006150,한메NS,KOSPI,2005-04-08,2005,4,8,회사정리절차 개시 신청
018180,텔슨정보통신,KOSDAQ,2005-04-07,2005,4,7,감사의견거절(상장폐지사유 발생일 : 2005년 03월 22일)
037650,성진산업,KOSDAQ,2005-04-05,2005,4,5,감사의견거절(상장폐지사유 발생일 : 2005년 03월 21일)
056500,슈마일렉트론,KOSDAQ,2005-04-05,2005,4,5,감사의견거절(상장폐지사유 발생일 : 2005년 03월 22일)
053250,엔에스아이,KOSDAQ,2005-04-02,2005,4,2,감사의견거절(상장폐지사유 발생일 : 2005년 03월 19일)
036600,지니웍스,KOSDAQ,2005-04-02,2005,4,2,감사의견거절(상장폐지사유 발생일 : 2005년 03월 18일)
036020,한아시스템,KOSDAQ,2005-04-02,2005,4,2,감사의견 부적정(상장폐지사유 발생일 : 2005년 03월 21일)
036880,맥시스템,KOSDAQ,2005-03-31,2005,3,31,감사의견거절(상장폐지사유 발생일 : 2005년 03월 16일)
004660,신동방CP,KOSPI,2005-03-30,2005,3,30,신청에 의한 상장폐지
054080,우주통신,KOSDAQ,2005-03-30,2005,3,30,감사의견거절(상장폐지사유 발생일 : 2005년 03월 15일
025690,동방라이텍,KOSDAQ,2005-03-12,2005,3,12,감사의견거절(상장폐지사유 발생일 : 2005년 02월 24일)
037500,굿라이프5MF,KOSDAQ,2005-02-24,2005,2,24,간접투자자산운용업법 제110조(구 증권투자회사법 제64조)에 의한 해산사유발생
007910,세원화성,KOSPI,2005-02-24,2005,2,24,신청에 의한 상장폐지
037640,대경테크노스,KOSDAQ,2005-01-24,2005,1,24,최종부도(등록취소사유발생일 : 2005년 1월 7일)
035910,현대멀티캡,KOSDAQ,2005-01-19,2005,1,19,최종부도(등록취소사유발생일: 2005년 1월 4일)
009220,그로웰전자,KOSDAQ,2005-01-19,2005,1,19,액면가액일정비율미만(취소사유발생일 : 2005년 01월 04일)
035780,그로웰텔레콤,KOSDAQ,2005-01-11,2005,1,11,액면가액일정비율미만(취소사유발생일 : 2004년 12월 24일)
005600,중앙제지,KOSPI,2005-01-06,2005,1,6,최종부도발생
