ticker,name,market,delistingdate,폐지연도,폐지월,폐지일,reason,corp_code,corp_name,stock_code,modify_date
23460,CNH,KOSDAQ,2025-07-14,2025,7,14,기업의 계속성 및 경영의 투명성 등을 종합적으로 고려하여 상장폐지기준에 해당한다고 결정,,,,
226440,한송네오텍,KOSDAQ,2025-06-19,2025,6,19,기업의 계속성 및 경영의 투명성 등을 종합적으로 고려하여 상장폐지기준에 해당한다고 결정,00515122,한송네오텍, ,20180627
226440,한송네오텍,KOSDAQ,2025-06-19,2025,6,19,기업의 계속성 및 경영의 투명성 등을 종합적으로 고려하여 상장폐지기준에 해당한다고 결정,01101722,한송네오텍,226440,20250619
323230,엠에프엠코리아,KOSDAQ,2025-06-19,2025,6,19,기업의 계속성 및 경영의 투명성 등을 종합적으로 고려하여 상장폐지기준에 해당한다고 결정,00814810,엠에프엠코리아,251960,20201230
323230,엠에프엠코리아,KOSDAQ,2025-06-19,2025,6,19,기업의 계속성 및 경영의 투명성 등을 종합적으로 고려하여 상장폐지기준에 해당한다고 결정,01384477,엠에프엠코리아,323230,20250619
71460,위니아,KOSDAQ,2025-06-18,2025,6,18,감사의견 거절(감사범위 제한 및 계속기업가정 불확실성),00300557,위니아,071460,20250618
72520,제넨바이오,KOSDAQ,2025-06-18,2025,6,18,감사의견 거절(감사범위 제한 및 계속기업 가정 불확실성),00408956,제넨바이오,072520,20250618
283100,노보믹스,KONEX,2025-05-28,2025,5,28,외부감사인의 감사의견 의견거절,01332137,노보믹스,283100,20250528
12600,청호ICT,KOSPI,2025-05-27,2025,5,27,"기업의 계속성, 경영의 투명성 및 기타 공익과 투자자 보호 등을 종합적으로 고려하여 상장폐지 기준에 해당한다고 결정",00151863,청호ICT,012600,20250527
258540,에스엘테라퓨틱스,KONEX,2025-05-07,2025,5,7,감사의견 의견거절,01109122,에스엘테라퓨틱스,258540,20250507
214870,한울BnC,KOSDAQ,2025-03-31,2025,3,31,감사의견 거절(감사범위 제한 및 계속기업가정 불확실성),,,,
38340,MIT,KOSDAQ,2025-03-28,2025,3,28,기업의 계속성 및 경영의 투명성 등을 종합적으로 고려하여 상장폐지기준에 해당한다고 결정,,,,
268600,셀리버리,KOSDAQ,2025-03-07,2025,3,7,감사의견 거절(감사범위 제한 및 계속기업 가정 불확실성),01182444,셀리버리,268600,20250610
446600,카이바이오텍,KONEX,2025-02-25,2025,2,25,지정자문인 선임계약 해지 후 30일 이내 미체결('25.2.11限),01671601,카이바이오텍,446600,20250225
78940,퀀타피아,KOSDAQ,2025-02-19,2025,2,19,기업의 계속성 및 경영의 투명성 등을 종합적으로 고려하여 상장폐지기준에 해당한다고 결정,00501970,퀀타피아,078940,20250219
299910,애닉,KOSDAQ,2025-02-14,2025,2,14,기업의 계속성 및 경영의 투명성 등을 종합적으로 고려하여 상장폐지기준에 해당한다고 결정,01259056,애닉,299910,20250214
160600,이큐셀,KOSDAQ,2025-02-14,2025,2,14,기업의 계속성 및 경영의 투명성 등을 종합적으로 고려하여 상장폐지기준에 해당한다고 결정,00818472,이큐셀,160600,20250214
900280,골든센츄리,KOSDAQ,2025-01-08,2025,1,8,"사업보고서, 반기보고서 또는 분기보고서 미제출로 상장규정 제53조제1항제6호에 따라 관리종목으로 지정된 상태에서 공시규정 제19조제1항에 따른 사업보고서, 반기보고서 또는 분기보고서를 법정제출기한내 미제출",00976350,골든센츄리, ,20230223
214310,에스엘에너지,KOSDAQ,2024-12-23,2024,12,23,기업의 계속성 및 경영의 투명성 등을 종합적으로 고려하여 상장폐지기준에 해당한다고 결정,01907630,에스엘에너지, ,20250704
419700,이브이파킹서비스,KONEX,2024-12-12,2024,12,12,지정자문인 선임계약 해지 후 30일 이내 미체결('24.11.28限),01695498,이브이파킹서비스,419700,20241212
62860,티엘아이,KOSDAQ,2024-11-14,2024,11,14,기업의 계속성 및 경영의 투명성 등을 종합적으로 고려하여 상장폐지기준에 해당한다고 결정,00261887,티엘아이,062860,20241211
263540,어스앤에어로스페이스,KOSDAQ,2024-11-06,2024,11,6,기업의 계속성 및 경영의 투명성 등을 종합적으로 고려하여 상장폐지기준에 해당한다고 결정,00971090,어스앤에어로스페이스,263540,20241216
53590,한국테크놀로지,KOSDAQ,2024-10-07,2024,10,7,해산사유 발생(파산선고),00355548,한국테크놀로지,053590,20241007
286000,씨엔티드림,KONEX,2024-10-07,2024,10,7,외부감사인의 감사의견 의견거절,01114559,씨엔티드림,286000,20241007
89530,에이티세미콘,KOSDAQ,2024-09-06,2024,9,6,기업의 계속성 및 경영의 투명성 등을 종합적으로 고려하여 상장폐지 기준에 해당한다고 결정,00458562,에이티세미콘,089530,20250321
258250,셀젠텍,KONEX,2024-08-30,2024,8,30,지정자문인 선임계약 해지 후 30일 이내 미체결(2024.8.16 限),01117918,셀젠텍,258250,20240830
299670,에스엠비나,KONEX,2024-08-16,2024,8,16,지정자문인 선임계약 해지 후 30일 이내 미체결(2024.8.1 限),01203507,에스엠비나,299670,20240816
65560,녹원씨엔아이,KOSDAQ,2024-07-29,2024,7,29,기업의 계속성 및 경영의 투명성 등을 종합적으로 고려하여 상장폐지기준에 해당한다고 결정,00861386,녹원씨엔아이, ,20170630
65560,녹원씨엔아이,KOSDAQ,2024-07-29,2024,7,29,기업의 계속성 및 경영의 투명성 등을 종합적으로 고려하여 상장폐지기준에 해당한다고 결정,00393469,녹원씨엔아이,065560,20240729
136510,스마트솔루션즈,KOSDAQ,2024-07-25,2024,7,25,감사의견 거절,00763358,스마트솔루션즈,136510,20240725
181340,이즈미디어,KOSDAQ,2024-07-10,2024,7,10,감사범위 제한,00861720,이즈미디어,181340,20250103
58530,파나케이아,KOSDAQ,2024-06-25,2024,6,25,기업의 계속성 및 경영의 투명성 등을 종합적으로 고려하여 상장폐지기준에 해당한다고 결정,00353018,파나케이아,058530,20240625
6580,대양제지,KOSDAQ,2024-06-21,2024,6,21,상장폐지 신청('24.05.17),,,,
163430,디피코,KONEX,2024-06-18,2024,6,18,'22사업연도 감사의견 의견거절 및 '23사업연도 사업보고서 미제출,01072518,디피코,163430,20240618
161570,THE MIDONG,KOSDAQ,2024-06-17,2024,6,17,기업의 계속성 및 경영의 투명성 등을 종합적으로 고려하여 상장폐지기준에 해당한다고 결정,,,,
148140,비디아이,KOSDAQ,2024-06-07,2024,6,7,기업의 계속성 및 경영의 투명성 등을 종합적으로 고려하여 상장폐지기준에 해당한다고 결정,00610490,비디아이,148140,20240607
30790,비케이탑스,KOSPI,2024-05-13,2024,5,13,감사의견 의견거절 2년 계속,00273615,비케이탑스,030790,20240513
58220,아리온,KOSDAQ,2024-05-03,2024,5,3,감사의견 거절(감사범위 제한 및 계속기업 존속능력에 대한 불확실성),01031690,아리온, ,20200224
58220,아리온,KOSDAQ,2024-05-03,2024,5,3,감사의견 거절(감사범위 제한 및 계속기업 존속능력에 대한 불확실성),01541744,아리온, ,20220224
58220,아리온,KOSDAQ,2024-05-03,2024,5,3,감사의견 거절(감사범위 제한 및 계속기업 존속능력에 대한 불확실성),01747171,아리온, ,20240325
322190,베른,KONEX,2024-04-25,2024,4,25,감사의견 의견거절(감사범위제한),01412938,베른,322190,20240425
248020,젬,KONEX,2024-04-05,2024,4,5,외부감사인의 감사의견 의견거절,01169498,젬,248020,20240405
150440,피노텍,KONEX,2024-03-21,2024,3,21,외부감사인의 감사의견 의견거절,00990262,피노텍,150440,20240321
114120,크루셜텍,KOSDAQ,2024-02-15,2024,2,15,기업의 계속성 및 경영의 투명성 등을 종합적으로 고려하여 상장폐지기준에 해당한다고 결정,00618401,크루셜텍,114120,20240215
141020,디에스앤엘,KOSDAQ,2024-01-03,2024,1,3,기업의 계속성 및 경영의 투명성 등을 종합적으로 고려하여 상장폐지기준에 해당한다고 결정,00812362,디에스앤엘,141020,20240103
138690,엘아이에스,KOSDAQ,2023-12-06,2023,12,6,기업의 계속성 및 경영의 투명성 등을 종합적으로 고려하여 상장폐지기준에 해당한다고 결정,00670085,엘아이에스,138690,20231206
155900,바다로19호,KOSPI,2023-11-24,2023,11,24,신청에 의한 상장폐지,,,,
15540,에코바이브,KOSPI,2023-11-07,2023,11,7,감사의견 의견거절 2년 계속,00108065,에코바이브,015540,20250326
69110,코스온,KOSDAQ,2023-10-20,2023,10,20,감사의견 거절(감사범위 제한),00402989,코스온,069110,20250117
242350,피엔아이컴퍼니,KONEX,2023-09-18,2023,9,18,지정자문인 선임계약 해지 후 30일 이내 미체결(2023.9.4 限),00990563,피엔아이컴퍼니,242350,20230918
48260,오스템임플란트,KOSDAQ,2023-08-14,2023,8,14,상장폐지 신청('23.06.28),00341916,오스템임플란트,048260,20240814
348840,데이드림엔터,KONEX,2023-08-10,2023,8,10,상장폐지 신청,,,,
78650,지나인제약,KOSDAQ,2023-07-21,2023,7,21,감사의견 거절(감사범위 제한 및 계속기업가정 불확실성),00477257,지나인제약,078650,20241202
96640,멜파스,KOSDAQ,2023-07-17,2023,7,17,기업의 계속성 및 경영의 투명성 등을 종합적으로 고려하여 상장폐지기준에 해당한다고 결정,00609315,멜파스,096640,20240814
285770,라이프사이언스테크놀로지,KONEX,2023-06-12,2023,6,12,외부감사인의 감사의견 의견거절,01187175,라이프사이언스테크놀로지,285770,20230612
281310,바이오시네틱스,KONEX,2023-06-12,2023,6,12,외부감사인의 감사의견 의견거절,01186671,바이오시네틱스,281310,20230612
50540,엠피씨플러스,KOSDAQ,2023-05-08,2023,5,8,감사의견 거절(감사범위 제한),00302078,엠피씨플러스,050540,20231024
140290,청광건설,KONEX,2023-05-08,2023,5,8,상장폐지 신청,00599489,청광건설,140290,20230508
135160,무송지오씨,KONEX,2023-05-02,2023,5,2,발행한 어음 또는 수표가 주거래은행에 의하여 최종부도로 결정되거나 거래은행에 의한 거래정지,00657756,무송지오씨,135160,20230502
215050,비엔디생활건강,KONEX,2023-04-21,2023,4,21,감사의견 의견거절(감사범위제한),01055317,비엔디생활건강,215050,20230421
267060,명진홀딩스,KONEX,2023-04-18,2023,4,18,지정자문인 선임계약 해지 후 30일 이내 미체결(2023.4.4 限),01190513,명진홀딩스,267060,20230418
58420,제이웨이,KOSDAQ,2023-04-14,2023,4,14,감사의견 거절(감사범위 제한 및 계속기업가정 불확실성),00359474,제이웨이,058420,20230414
271850,다이오진,KONEX,2023-04-12,2023,4,12,지정자문인 선임계약 해지 후 30일 이내 미체결(2023.3.29 限),01163050,다이오진,271850,20230412
267810,앙츠,KONEX,2023-04-04,2023,4,4,지정자문인 선임계약 해지 후 30일 이내 미체결(2023.3.21 限),01187865,앙츠,267810,20230404
56000,코원플레이,KOSDAQ,2023-03-30,2023,3,30,감사의견 거절(감사범위 제한 및 계속기업가정 불확실성),00361266,코원플레이,056000,20230330
64510,유네코,KOSDAQ,2023-01-17,2023,1,17,감사의견 거절(감사범위 제한 및 계속기업 존속능력 불확실성),00127699,유네코,064510,20241010
329020,오션스톤,KONEX,2022-12-27,2022,12,27,지정자문인 선임계약 해지 후 30일 이내 미체결(2022.12.13 限),01388631,오션스톤,329020,20230216
158310,참존글로벌,KOSDAQ,2022-11-09,2022,11,9,기업의 계속성 및 경영의 투명성 등을 종합적으로 고려하여 상장폐지기준에 해당한다고 결정,00923899,참존글로벌,158310,20230111
60300,레드로버,KOSDAQ,2022-11-04,2022,11,4,기업의 계속성 및 경영의 투명성 등을 종합적을 고려하여 상장폐지기준에 해당한다고 결정,00803656,레드로버, ,20170630
60300,레드로버,KOSDAQ,2022-11-04,2022,11,4,기업의 계속성 및 경영의 투명성 등을 종합적을 고려하여 상장폐지기준에 해당한다고 결정,00364795,레드로버,060300,20240522
347140,케이프이에스제4호,KOSDAQ,2022-10-31,2022,10,31,상장예비심사 청구서 미제출로 관리종목 지정 후 1개월 이내 동 사유 미해소,,,,
126870,뉴로스,KOSDAQ,2022-10-26,2022,10,26,감사의견 거절(감사범위 제한 및 계속기업 존속능력 불확실성),,,,
182690,테라셈,KOSDAQ,2022-10-17,2022,10,17,감사의견 거절(감사범위 제한),00411905,테라셈,182690,20221017
90740,연이비앤티,KOSDAQ,2022-10-17,2022,10,17,기업의 계속성 및 경영의 투명성 등을 종합적으로 고려하여 상장폐지기준에 해당한다고 결정,,,,
46110,한일네트웍스,KOSDAQ,2022-10-05,2022,10,5,상장폐지 신청('22.08.31),00277736,한일네트웍스,046110,20250324
127160,매직마이크로,KOSDAQ,2022-09-22,2022,9,22,감사의견 거절(감사범위 제한 및 계속기업 존속능력 불확실성),00806972,매직마이크로,127160,20230104
53110,소리바다,KOSDAQ,2022-09-07,2022,9,7,감사의견 거절(감사범위 제한),00583008,소리바다, ,20170630
53110,소리바다,KOSDAQ,2022-09-07,2022,9,7,감사의견 거절(감사범위 제한),00352718,소리바다,053110,20221129
176440,에이치엔티,KOSDAQ,2022-06-27,2022,6,27,기업의 계속성 및 경영의 투명성 등을 종합적을 고려하여 상장폐지기준에 해당한다고 결정,00369976,에이치엔티, ,20170630
176440,에이치엔티,KOSDAQ,2022-06-27,2022,6,27,기업의 계속성 및 경영의 투명성 등을 종합적을 고려하여 상장폐지기준에 해당한다고 결정,00970240,에이치엔티, ,20170630
309900,티티씨디펜스,KONEX,2022-06-16,2022,6,16,외부감사인의 감사의견 의견거절,01350638,티티씨디펜스,309900,20220616
220630,맘스터치,KOSDAQ,2022-05-31,2022,5,31,상장폐지 신청('22.03.30),,,,
50320,에스에이치엔엘,KOSDAQ,2022-05-31,2022,5,31,감사의견 거절,00245898,에스에이치엔엘,050320,20250220
52190,세영디앤씨,KOSDAQ,2022-05-27,2022,5,27,감사의견 거절(감사범위 제한 및 계속기업 존속능력에 대한 불확실성),00347877,세영디앤씨,052190,20220527
950180,SNK,KOSDAQ,2022-05-18,2022,5,18,상장폐지 신청('22.04.14),,,,
240340,인터코스,KONEX,2022-05-17,2022,5,17,외부감사인의 감사의견 의견거절,01117592,인터코스,240340,20220517
225850,미애부,KONEX,2022-04-27,2022,4,27,감사의견 의견거절(감사범위제한 및 계속기업 존속불확실성),00866594,미애부,225850,20220629
225860,엠앤씨생명과학,KONEX,2022-04-27,2022,4,27,감사의견 의견거절(감사범위제한 및 계속기업 존속불확실성),01116274,엠앤씨생명과학,225860,20220629
53660,현진소재,KOSDAQ,2022-04-26,2022,4,26,감사의견 거절(감사범위 제한 및 계속기업 존속능력에 대한 불확실성),00188715,현진소재,053660,20221213
39670,스포츠서울,KOSDAQ,2022-04-20,2022,4,20,기업의 계속성 및 경영의 투명성 등을 종합적으로 고려하여 상장폐지기준에 해당한다고 결정,00298687,스포츠서울,039670,20220420
270020,이십일스토어,KONEX,2022-04-14,2022,4,14,사업보고서 법정제출기한('22.3.31限) 내 미제출,01183407,이십일스토어,270020,20220414
153360,하이골드3호,KOSPI,2022-04-11,2022,4,11,감사의견 부적정,,,,
66110,한프,KOSDAQ,2022-04-06,2022,4,6,감사의견 거절(감사범위 제한),00226228,한프,066110,20220815
327970,케어룸의료산업,KONEX,2022-03-11,2022,3,11,상장폐지 신청,01344752,케어룸의료산업,327970,20230222
114570,지스마트글로벌,KOSDAQ,2022-02-23,2022,2,23,감사의견 거절(감사범위 제한 및 계속기업 존속능력에 대한 불확실성),00673976,지스마트글로벌,114570,20221117
7630,폴루스바이오팜,KOSPI,2022-02-22,2022,2,22,감사의견 의견거절 2년 계속,00167280,폴루스바이오팜,007630,20221128
221610,자안바이오,KOSDAQ,2022-01-05,2022,1,5,발행한 어음 또는 수표가 주거래은행에 의하여 최종부도로 결정되거나 거래은행에 의한 거래정지,00493431,자안바이오,221610,20220811
172580,하이골드12호,KOSPI,2022-01-03,2022,1,3,신청에 의한 상장폐지,,,,
45890,GV,KOSDAQ,2021-12-20,2021,12,20,해산사유 발생(파산선고),,,,
87730,이엠네트웍스,KOSDAQ,2021-10-08,2021,10,8,기업의 계속성 및 경영의 투명성 등을 종합적으로 고려하여 상장폐지기준에 해당한다고 결정,00496225,이엠네트웍스,087730,20221124
33110,코너스톤네트웍스,KOSDAQ,2021-10-08,2021,10,8,감사의견 거절(감사범위 제한 및 계속기업 존속능력에 대한 불확실성),00194275,코너스톤네트웍스,033110,20220211
39230,에이아이비트,KOSDAQ,2021-10-06,2021,10,6,감사의견 거절(감사범위 제한),,,,
111820,지유온,KOSDAQ,2021-09-30,2021,9,30,기업의 계속성 및 경영의 투명성 등을 종합적으로 고려하여 상장폐지기준에 해당한다고 결정,00689418,지유온,111820,20240318
141070,맥스로텍,KOSDAQ,2021-09-16,2021,9,16,발행한 어음 또는 수표가 주거래은행에 의하여 최종부도로 결정되거나 거래은행에 의한 거래정지,00678096,맥스로텍,141070,20221202
80440,에스제이케이,KOSDAQ,2021-09-13,2021,9,13,해산사유 발생(파산선고),00366793,에스제이케이,080440,20210913
80440,에스제이케이,KOSDAQ,2021-09-13,2021,9,13,해산사유 발생(파산선고),00975458,에스제이케이, ,20230210
33430,디에스티,KOSDAQ,2021-09-02,2021,9,2,감사의견 한정(감사범위 제한),00611657,디에스티, ,20170630
33430,디에스티,KOSDAQ,2021-09-02,2021,9,2,감사의견 한정(감사범위 제한),00367826,디에스티, ,20170630
33430,디에스티,KOSDAQ,2021-09-02,2021,9,2,감사의견 한정(감사범위 제한),00811406,디에스티, ,20170630
33430,디에스티,KOSDAQ,2021-09-02,2021,9,2,감사의견 한정(감사범위 제한),00661175,디에스티, ,20170630
33430,디에스티,KOSDAQ,2021-09-02,2021,9,2,감사의견 한정(감사범위 제한),01328240,디에스티, ,20181004
33430,디에스티,KOSDAQ,2021-09-02,2021,9,2,감사의견 한정(감사범위 제한),01415661,디에스티, ,20220913
33430,디에스티,KOSDAQ,2021-09-02,2021,9,2,감사의견 한정(감사범위 제한),00658816,디에스티, ,20230130
33430,디에스티,KOSDAQ,2021-09-02,2021,9,2,감사의견 한정(감사범위 제한),00244419,디에스티,033430,20230512
354230,폭스소프트,KONEX,2021-09-01,2021,9,1,지정자문인 선임계약 해지 후 30일 이내 미체결(2021.8.18 限),01418260,폭스소프트,354230,20230111
86250,이노와이즈,KOSDAQ,2021-08-31,2021,8,31,감사의견 거절(감사범위 제한),,,,
38160,팍스넷,KOSDAQ,2021-08-23,2021,8,23,감사의견 거절(감사범위 제한 및 계속기업 존속능력에 대한 불확실성),00334624,팍스넷,038160,20230220
33600,럭슬,KOSDAQ,2021-08-11,2021,8,11,감사의견 거절(감사범위 제한),00264787,럭슬,033600,20220427
65620,제낙스,KOSDAQ,2021-08-09,2021,8,9,감사의견 거절(감사범위 제한 및 계속기업 존속능력에 대한 불확실성),00201788,제낙스,065620,20221226
900080,에스앤씨엔진그룹,KOSDAQ,2021-06-14,2021,6,14,"법정제출기한까지 사업보고서를 제출하지 아니한 후, 법정제출기한의 다음날부터 10일이내에 사업보고서를 제출하지 아니함 ",,,,
226350,아이엠텍,KOSDAQ,2021-06-11,2021,6,11,감사의견 거절(감사범위 제한),00809517,아이엠텍,226350,20221209
226350,아이엠텍,KOSDAQ,2021-06-11,2021,6,11,감사의견 거절(감사범위 제한),01075302,아이엠텍, ,20230224
195440,퓨전,KOSDAQ,2021-06-10,2021,6,10,감사의견 거절(감사범위 제한 및 계속기업 존속능력에 대한 불확실성),01113949,퓨전,195440,20221212
8800,행남사,KOSDAQ,2021-06-07,2021,6,7,기업의 계속성 및 경영의 투명성 등을 종합적으로 고려하여 상장폐지기준에 해당한다고 결정,00164362,행남사,008800,20240628
73070,에이팸,KOSDAQ,2021-06-04,2021,6,4,기업의 계속성 및 경영의 투명성 등을 종합적으로 고려하여 상장폐지기준에 해당,00235147,에이팸,073070,20221205
120780,전우정밀,KONEX,2021-05-06,2021,5,6,분산요건 미달,00673301,전우정밀,120780,20230220
224880,SGA클라우드서비스,KONEX,2021-05-06,2021,5,6,분산요건 미달,,,,
102210,에이치디,KOSDAQ,2021-04-19,2021,4,19,기업의 계속성 및 경영의 투명성 등을 종합적으로 고려하여 상장폐지기준에 해당한다고 결정,01283567,에이치디, ,20190228
102210,에이치디,KOSDAQ,2021-04-19,2021,4,19,기업의 계속성 및 경영의 투명성 등을 종합적으로 고려하여 상장폐지기준에 해당한다고 결정,01863275,에이치디, ,20240926
28040,미래SCI,KOSDAQ,2021-04-13,2021,4,13,"최근 2년간 3회 이상 공시규정 제19조제1항의 규정에 의한 사업보고서, 반기보고서 또는 분기보고서 법정제출기한 내 미제출",00111865,미래SCI,028040,20221103
329050,구스앤홈,KONEX,2021-04-13,2021,4,13,사업보고서 법정제출기한('21.3.31限)내 미제출,01337114,구스앤홈,329050,20210413
36260,이매진아시아,KOSDAQ,2021-02-15,2021,2,15,기업의 계속성 및 경영의 투명성 등을 종합적으로 고려하여 상장폐지기준에 해당,00122339,이매진아시아,036260,20210326
241510,이에스산업,KONEX,2021-01-26,2021,1,26,지정자문인 선임계약 해지 후 30일 이내 미체결(2021.1.13 限),00532800,이에스산업, ,20170630
241510,이에스산업,KONEX,2021-01-26,2021,1,26,지정자문인 선임계약 해지 후 30일 이내 미체결(2021.1.13 限),01631117,이에스산업, ,20230220
241510,이에스산업,KONEX,2021-01-26,2021,1,26,지정자문인 선임계약 해지 후 30일 이내 미체결(2021.1.13 限),01119387,이에스산업,241510,20240628
271780,비엔에프코퍼레이션,KONEX,2020-11-05,2020,11,5,상장폐지 신청('20.10.13),,,,
194510,파티게임즈,KOSDAQ,2020-09-09,2020,9,9,감사의견거절(감사범위 제한),,,,
204990,코썬바이오,KOSDAQ,2020-08-11,2020,8,11,기업의 계속성 및 경영의 투명성 등을 종합적으로 고려하여 상장폐지기준에 해당한다고 결정,00874195,코썬바이오,204990,20240628
228180,티씨엠생명과학,KONEX,2020-08-07,2020,8,7,포괄적 주식교환에 따른 상장폐지 신청('20.7.17),,,,
65940,바이오빌,KOSDAQ,2020-07-31,2020,7,31,감사의견 거절(감사범위 제한 및 계속기업 존속능력에 대한 불확실성),00155382,바이오빌,065940,20221202
149940,모다,KOSDAQ,2020-07-10,2020,7,10,감사의견거절(감사범위 제한),00757816,모다,149940,20240220
134780,화진,KOSDAQ,2020-07-02,2020,7,2,감사의견거절(감사범위제한),01397392,화진, ,20200228
134780,화진,KOSDAQ,2020-07-02,2020,7,2,감사의견거절(감사범위제한),01575334,화진, ,20210715
134780,화진,KOSDAQ,2020-07-02,2020,7,2,감사의견거절(감사범위제한),01631834,화진, ,20220824
134780,화진,KOSDAQ,2020-07-02,2020,7,2,감사의견거절(감사범위제한),00975351,화진, ,20240502
112240,에스에프씨,KOSDAQ,2020-06-30,2020,6,30,감사의견 거절(감사범위 제한),01210233,에스에프씨, ,20230223
112240,에스에프씨,KOSDAQ,2020-06-30,2020,6,30,감사의견 거절(감사범위 제한),00450339,에스에프씨,112240,20240221
112240,에스에프씨,KOSDAQ,2020-06-30,2020,6,30,감사의견 거절(감사범위 제한),00299109,에스에프씨, ,20250618
5450,신한,KOSPI,2020-06-30,2020,6,30,감사의견 의견거절 2년 계속,00224585,신한, ,20170630
5450,신한,KOSPI,2020-06-30,2020,6,30,감사의견 의견거절 2년 계속,00529763,신한, ,20170630
5450,신한,KOSPI,2020-06-30,2020,6,30,감사의견 의견거절 2년 계속,01169814,신한, ,20170630
5450,신한,KOSPI,2020-06-30,2020,6,30,감사의견 의견거절 2년 계속,01258446,신한, ,20171018
5450,신한,KOSPI,2020-06-30,2020,6,30,감사의견 의견거절 2년 계속,00173740,신한,005450,20230217
183350,LPK로보틱스,KONEX,2020-06-17,2020,6,17,"외부감사인의 감사의견 거절(감사범위 제한), 감사의견 한정(감사범위 제한)",,,,
103130,웅진에너지,KOSPI,2020-06-01,2020,6,1,감사의견 의견거절 2년 계속,00609485,웅진에너지,103130,20211201
94190,이엘케이,KOSDAQ,2020-05-22,2020,5,22,감사의견 거절(감사범위 제한 및 계속기업 존속능력에 대한 불확실성),00379016,이엘케이,094190,20220104
900040,차이나그레이트,KOSDAQ,2020-05-22,2020,5,22,"법정제출기한까지 사업보고서를 제출하지 아니한 후, 법정제출기한의 다음날부터 10일이내에 사업보고서를 제출하지 아니함 ",,,,
30270,에스마크,KOSDAQ,2020-05-21,2020,5,21,감사의견거절(감사범위제한 및 계속기업 존속 불확실),00100258,에스마크,030270,20201204
54340,피앤텔,KOSDAQ,2020-05-21,2020,5,21,감사의견 거절(감사범위 제한 및 계속기업 존속능력에 대한 불확실성),00302120,피앤텔,054340,20230222
197210,리드,KOSDAQ,2020-05-14,2020,5,14,기업의 계속성 및 경영의 투명성 등을 종합적으로 고려하여 상장폐지기준에 해당한다고 결정,00524157,리드, ,20191118
197210,리드,KOSDAQ,2020-05-14,2020,5,14,기업의 계속성 및 경영의 투명성 등을 종합적으로 고려하여 상장폐지기준에 해당한다고 결정,00601641,리드,197210,20201126
197210,리드,KOSDAQ,2020-05-14,2020,5,14,기업의 계속성 및 경영의 투명성 등을 종합적으로 고려하여 상장폐지기준에 해당한다고 결정,01630215,리드, ,20230221
205290,케미메디,KONEX,2020-05-13,2020,5,13,외부감사인의 감사의견 의견거절(감사범위 제한),01086812,케미메디,205290,20200526
189540,씨티네트웍스,KONEX,2020-05-12,2020,5,12,감사의견 거절(계속기업 존속능력에 대한 불확실성),00961136,씨티네트웍스,189540,20200512
159650,하이골드8호,KOSPI,2020-04-27,2020,4,27,감사의견 부적정,,,,
220110,드림티엔터테인먼트,KONEX,2020-04-10,2020,4,10,사업보고서 법정제출기한('20.3.30限)내 미제출,01066030,드림티엔터테인먼트,220110,20200713
123260,파인넥스,KOSDAQ,2020-04-10,2020,4,10,"제28조제1항제9호에 따라 관리종목 지정 후 공시규정 제19조제1항에 따른 사업보고서 법정제출기한 내 미제출, 최근 2년간 3회 이상 공시규정 제19조제1항의 규정에 의한 사업보고서, 반기보고서 또는 분기보고서 법정제출기한 내 미제출",00671437,파인넥스,123260,20200410
311840,대원모방,KONEX,2020-02-27,2020,2,27,지정자문인 선임계약 해지 후 30일 이내 미체결(2020.2.13 限),01195828,대원모방,311840,20230223
252370,유쎌,KONEX,2020-02-27,2020,2,27,지정자문인 선임계약 해지 후 30일 이내 미체결(2020.2.13 限),01063963,유쎌,252370,20200227
122800,썬텍,KOSDAQ,2020-02-12,2020,2,12,기업의 계속성 및 경영의 투명성 등을 종합적으로 고려하여 상장폐지기준에 해당한다고 결정,01755189,썬텍, ,20240227
35480,제이테크놀로지,KOSDAQ,2019-12-12,2019,12,12,기업의 계속성 및 경영의 투명성 등을 종합적으로 고려하여 상장폐지기준에 해당한다고 결정,00974592,제이테크놀로지, ,20190228
17680,데코앤이,KOSDAQ,2019-11-20,2019,11,20,발행한 어음 또는 수표가 주거래은행에 의하여 최종부도로 결정되거나 거래은행에 의한 거래정지,,,,
135270,세종머티리얼즈,KONEX,2019-10-02,2019,10,2,파산선고에 따른 해산사유 발생,00619020,세종머티리얼즈,135270,20191002
221670,주노콜렉션,KONEX,2019-07-16,2019,7,16, 지정자문인 선임계약 해지 후 30일 이내 미체결(2019.7.2 限) ,01076550,주노콜렉션,221670,20230111
242850,영현무역,KONEX,2019-05-22,2019,5,22,지정자문인 선임계약 해지 후 30일 이내 미체결(2019.5.8 限),01113781,영현무역,242850,20190827
65160,에프티이앤이,KOSDAQ,2019-05-03,2019,5,3,감사의견 거절(감사범위 제한),,,,
250300,제이에스피브이,KONEX,2019-03-04,2019,3,4,지정자문인 선임계약 해지 후 30일이내 미체결(2019.2.1 限),01018954,제이에스피브이,250300,20191210
245030,스페이스솔루션,KONEX,2019-02-27,2019,2,27,상장폐지 신청('19.1.25),01140110,스페이스솔루션, ,20220224
245030,스페이스솔루션,KONEX,2019-02-27,2019,2,27,상장폐지 신청('19.1.25),00664288,스페이스솔루션,245030,20240214
900090,차이나하오란,KOSDAQ,2019-01-02,2019,1,2,제28조제1항제9호에 따라 관리종목 지정 후 공시규정 제19조 제1항에 따른 분기보고서 법정기한 내 미제출,,,,
2000,한국유리,KOSPI,2018-12-13,2018,12,13,신청에 의한 상장폐지,,,,
272420,극동자동화,KONEX,2018-11-15,2018,11,15,상장폐지 신청('18.11.5),01088458,극동자동화,272420,20190212
194610,우성아이비,KOSDAQ,2018-10-12,2018,10,12,감사의견거절(감사범위 제한 및 계속기업 존속능력에 대한 불확실성),00480020,우성아이비, ,20170630
194610,우성아이비,KOSDAQ,2018-10-12,2018,10,12,감사의견거절(감사범위 제한 및 계속기업 존속능력에 대한 불확실성),01011562,우성아이비,194610,20230223
155960,지디,KOSDAQ,2018-10-12,2018,10,12,감사의견 거절(감사범위 제한),00579652,지디, ,20170630
155960,지디,KOSDAQ,2018-10-12,2018,10,12,감사의견 거절(감사범위 제한),00766081,지디, ,20170630
155960,지디,KOSDAQ,2018-10-12,2018,10,12,감사의견 거절(감사범위 제한),00676122,지디,155960,20230222
110660,세신버팔로,KONEX,2018-10-11,2018,10,11,지정자문인 선임계약 해지 후 30일이내 미체결(2018.9.20限),,,,
32040,C&S자산관리,KOSDAQ,2018-10-11,2018,10,11,감사의견거절(범위제한 및 계속기업 존속능력에 대한 불확실성),,,,
81970,넥스지,KOSDAQ,2018-10-11,2018,10,11,감사의견거절(감사범위제한),,,,
47440,레이젠,KOSDAQ,2018-10-11,2018,10,11,감사의견거절(감사범위 제한 및 계속기업 존속능력에 대한 불확실성),,,,
26260,위너지스,KOSDAQ,2018-10-11,2018,10,11,감사의견거절(감사범위 제한),00207223,위너지스,026260,20181012
52290,트레이스,KOSDAQ,2018-10-11,2018,10,11,감사의견거절(감사범위 제한),00558206,트레이스, ,20170630
52290,트레이스,KOSDAQ,2018-10-11,2018,10,11,감사의견거절(감사범위 제한),00348177,트레이스,052290,20181011
5980,성지건설,KOSPI,2018-10-04,2018,10,4,감사의견 의견거절,00563651,성지건설, ,20170630
5980,성지건설,KOSPI,2018-10-04,2018,10,4,감사의견 의견거절,00133238,성지건설,005980,20221017
251540,에스와이제이,KONEX,2018-09-07,2018,9,7,감사의견 거절(감사범위 제한),01117495,에스와이제이,251540,20190402
138290,지성이씨에스,KONEX,2018-08-22,2018,8,22,상장폐지 신청('18.7.19),00890388,지성이씨에스,138290,20240227
43580,에임하이,KOSDAQ,2018-08-10,2018,8,10,감사의견거절(감사범위 제한),,,,
144740,피엠디아카데미,KONEX,2018-08-07,2018,8,7,지정자문인 선임계약 해지 후 30일이내 미체결(2018.07.24限),00835734,피엠디아카데미,144740,20190523
99660,신텍,KOSDAQ,2018-07-09,2018,7,9,발행한 어음 또는 수표가 주거래은행에 의하여 최종부도로 결정되거나 거래은행에 의한 거래정지,00599887,신텍,099660,20200720
900180,완리,KOSDAQ,2018-05-23,2018,5,23,감사의견거절(감사범위 제한),,,,
246830,시냅스엠,KONEX,2018-05-14,2018,5,14,감사의견 거절(계속기업 존속능력에 대한 불확실성),01115257,시냅스엠,246830,20180514
235090,태경피엔에스,KONEX,2018-05-09,2018,5,9,감사의견 거절(감사범위 제한),01095892,태경피엔에스,235090,20180801
87220,스틸플라워,KOSDAQ,2018-05-08,2018,5,8,감사의견거절(감사범위 제한 및 계속기업 존속능력에 대한 불확실성),00454265,스틸플라워,087220,20190213
99830,씨그널엔터테인먼트그룹,KOSDAQ,2018-05-04,2018,5,4,감사의견거절(감사범위 제한),00232496,씨그널엔터테인먼트그룹,099830,20190111
252940,에스엠로보틱스,KONEX,2018-04-25,2018,4,25,감사의견 거절(감사범위 제한 및 계속기업 존속능력에 대한 불확실성),01111765,에스엠로보틱스,252940,20180425
91270,유디피,KONEX,2018-04-18,2018,4,18,지정자문인 선임계약 해지 후 30일이내 미체결(2018.04.04限),00612115,유디피,091270,20210511
199870,세기리텍,KONEX,2018-03-28,2018,3,28,지정자문인 선임계약 해지후 30일이내 미체결(18.3.14限),,,,
51170,썬코어,KOSDAQ,2018-03-15,2018,3,15,'16사업연도 감사의견거절(계속기업 존속능력에 대한 불확실성) 및 '17사업연도 반기 감사의견거절(계속기업 존속능력에 대한 불확실성),00202778,썬코어,051170,20180820
39790,위노바,KOSDAQ,2018-03-09,2018,3,9,기업의 계속성 및 경영의 투명성 등을 종합적으로 고려하여 상장폐지기준에 해당한다고 결정,00261735,위노바,039790,20210224
23430,아이이,KOSDAQ,2017-12-20,2017,12,20,기업의 계속성 및 경영의 투명성 등을 종합적으로 고려하여 상장폐지기준에 해당한다고 결정,00100717,아이이,023430,20191120
23430,아이이,KOSDAQ,2017-12-20,2017,12,20,기업의 계속성 및 경영의 투명성 등을 종합적으로 고려하여 상장폐지기준에 해당한다고 결정,00972008,아이이, ,20240628
260490,캐로스,KONEX,2017-11-29,2017,11,29,지정자문인 선임계약 해지 후 30일이내 미체결(2017.11.15限),01018167,캐로스,260490,20240628
900050,중국원양자원,KOSPI,2017-09-27,2017,9,27,감사의견 의견거절,,,,
95300,엔에스브이,KOSDAQ,2017-09-12,2017,9,12,"감사의견 거절(내부회계관리제도상의 취약점, 계속기업가정의 불확실성 및 재고자산 관련 감사범위 제한)",00447478,엔에스브이,095300,20180524
95300,엔에스브이,KOSDAQ,2017-09-12,2017,9,12,"감사의견 거절(내부회계관리제도상의 취약점, 계속기업가정의 불확실성 및 재고자산 관련 감사범위 제한)",00959566,엔에스브이, ,20220228
189700,디피앤케이,KONEX,2017-08-31,2017,8,31,지정자문인 선임계약 해지 후 30일이내 미체결(2017.08.17限),00632331,디피앤케이,189700,20171220
204690,다린,KONEX,2017-08-02,2017,8,2,상장폐지 신청('17.07.28),00410678,다린,204690,20200228
204690,다린,KONEX,2017-08-02,2017,8,2,상장폐지 신청('17.07.28),01891250,다린, ,20250228
900130,웨이포트,KOSDAQ,2017-07-25,2017,7,25,상장폐지 신청('17.06.22),,,,
156170,비앤에스미디어,KONEX,2017-07-13,2017,7,13,지정자문인 선임계약 해지 후 30일이내 미체결(2017.6.29限),00974459,비앤에스미디어,156170,20170918
4740,보루네오,KOSPI,2017-07-05,2017,7,5,"기업의 계속성, 경영의 투명성 및 기타 공익과 투자자 보호 등을 종합적으로 고려하여 상장폐지 기준에 해당한다고 결정",,,,
83610,아시아14호,KOSPI,2017-06-20,2017,6,20,신청에 의한 상장폐지,,,,
83600,아시아13호,KOSPI,2017-06-15,2017,6,15,신청에 의한 상장폐지,,,,
83570,아시아10호,KOSPI,2017-06-15,2017,6,15,신청에 의한 상장폐지,,,,
83580,아시아11호,KOSPI,2017-06-15,2017,6,15,신청에 의한 상장폐지,,,,
83590,아시아12호,KOSPI,2017-06-15,2017,6,15,신청에 의한 상장폐지,,,,
83390,동북아14호,KOSPI,2017-06-14,2017,6,14,신청에 의한 상장폐지,,,,
83350,동북아10호,KOSPI,2017-06-14,2017,6,14,신청에 의한 상장폐지,,,,
83360,동북아11호,KOSPI,2017-06-14,2017,6,14,신청에 의한 상장폐지,,,,
165270,금오하이텍,KONEX,2017-06-07,2017,6,7,최종부도 발생,00659815,금오하이텍,165270,20220225
36500,에스에스컴텍,KOSDAQ,2017-05-11,2017,5,11,감사의견 거절(감사범위 제한 및 계속기업 존속능력에 대한 불확실성),00267960,에스에스컴텍,036500,20170630
86830,신양오라컴,KOSDAQ,2017-05-08,2017,5,8,감사의견 거절(감사범위 제한 및 계속기업 존속능력에 대한 불확실성),,,,
58370,비엔씨컴퍼니,KOSDAQ,2017-05-08,2017,5,8,감사범위제한으로 인한 한정의견,00372989,비엔씨컴퍼니,058370,20170630
90970,코리아01호,KOSPI,2017-04-25,2017,4,25,감사의견 의견거절,,,,
91000,코리아04호,KOSPI,2017-04-25,2017,4,25,감사의견 의견거절,,,,
90990,코리아03호,KOSPI,2017-04-25,2017,4,25,감사의견 의견거절,,,,
90980,코리아02호,KOSPI,2017-04-25,2017,4,25,감사의견 의견거절,,,,
110570,넥솔론,KOSPI,2017-04-17,2017,4,17,자본전액잠식,00636045,넥솔론,110570,20170918
52270,우전,KOSDAQ,2017-04-13,2017,4,13,자본전액잠식 등,00659888,우전, ,20170630
52270,우전,KOSDAQ,2017-04-13,2017,4,13,자본전액잠식 등,00449917,우전, ,20170630
52270,우전,KOSDAQ,2017-04-13,2017,4,13,자본전액잠식 등,01400809,우전, ,20210507
52270,우전,KOSDAQ,2017-04-13,2017,4,13,자본전액잠식 등,01026193,우전, ,20230223
52270,우전,KOSDAQ,2017-04-13,2017,4,13,자본전액잠식 등,01841565,우전, ,20240507
52270,우전,KOSDAQ,2017-04-13,2017,4,13,자본전액잠식 등,00291231,우전,052270,20250312
194860,SY이노베이션,KONEX,2017-04-12,2017,4,12,감사의견 거절(감사범위제한),,,,
68150,케이엔씨글로벌,KOSDAQ,2017-03-07,2017,3,7,기업의 계속성 및 경영의 투명성 등을 종합적으로 고려하여 상장폐지기준에 해당한다고 결정,00394778,케이엔씨글로벌,068150,20170630
66270,SK컴즈,KOSDAQ,2017-02-27,2017,2,27,상장폐지신청('17.02.07),,,,
60910,프리젠,KOSDAQ,2017-02-24,2017,2,24,최근 5사업연도 연속 영업손실 발생,00353230,프리젠,060910,20240422
139200,하이골드2호,KOSPI,2017-01-11,2017,1,11,신청에 의한 상장폐지,,,,
192240,나이코,KONEX,2016-12-23,2016,12,23,상장폐지 신청('16.12.9),00967778,나이코,192240,20170630
185280,이푸른,KONEX,2016-12-05,2016,12,5,지정자문인 선임계약 해지 후 30일이내 미체결(2016.11.21限),00893923,이푸른,185280,20200228
185280,이푸른,KONEX,2016-12-05,2016,12,5,지정자문인 선임계약 해지 후 30일이내 미체결(2016.11.21限),01925788,이푸른, ,20250512
11720,현대페인트,KOSPI,2016-11-21,2016,11,21,감사의견 의견거절,00164955,현대페인트,011720,20170630
53810,아이팩토리,KOSDAQ,2016-09-19,2016,9,19,감사의견 거절(감사범위 제한 및 기업회계기준 위배),00351047,아이팩토리,053810,20170630
37340,씨엘인터내셔널,KOSDAQ,2016-09-08,2016,9,8,2반기 연속 자본잠식률 50% 이상,,,,
74150,엠제이비,KOSDAQ,2016-09-05,2016,9,5,감사의견거절(감사범위 제한),00418476,엠제이비,074150,20170630
19300,태림페이퍼,KOSPI,2016-08-11,2016,8,11,신청에 의한 상장폐지,00118460,태림페이퍼,019300,20240628
207230,디와이엘엔제이,KONEX,2016-07-26,2016,7,26,지정자문인 선임계약의 해지한 날의 다음날부터 30일이내(2016.07.12限) 지정자문인 선임계약 미체결,00959265,디와이엘엔제이,207230,20180514
82390,피엘에이,KOSDAQ,2016-07-25,2016,7,25,기업의 계속성 및 경영의 투명성 등을 종합적으로 고려하여 상장폐지기준에 해당한다고 결정,00496003,피엘에이,082390,20170630
103650,에이치앤아이,KONEX,2016-07-14,2016,7,14,최종부도 발생,00678281,에이치앤아이,103650,20170630
103650,에이치앤아이,KONEX,2016-07-14,2016,7,14,최종부도 발생,01413238,에이치앤아이, ,20200219
179440,피엠에스,KONEX,2016-07-07,2016,7,7,상장폐지 신청('16.6.14),01311435,피엠에스, ,20190222
179440,피엠에스,KONEX,2016-07-07,2016,7,7,상장폐지 신청('16.6.14),01453379,피엠에스, ,20220223
179440,피엠에스,KONEX,2016-07-07,2016,7,7,상장폐지 신청('16.6.14),01046832,피엠에스, ,20240628
92630,바다로3호,KOSPI,2016-06-13,2016,6,13,신청에 의한 상장폐지,,,,
8020,경남에너지,KOSPI,2016-05-19,2016,5,19,신청에 의한 상장폐지,00101336,경남에너지,008020,20250710
86200,제이앤유글로벌,KOSDAQ,2016-05-09,2016,5,9,감사의견거절(감사범위 제한),00413824,제이앤유글로벌,086200,20180508
78780,아이디에스,KOSDAQ,2016-04-28,2016,4,28,'14사업연도 자본잠식률 50%이상 사유로 관리종목 지정 후 '15사업연도 반기 감사의견 거절,00371980,아이디에스, ,20170630
78780,아이디에스,KOSDAQ,2016-04-28,2016,4,28,'14사업연도 자본잠식률 50%이상 사유로 관리종목 지정 후 '15사업연도 반기 감사의견 거절,00446460,아이디에스,078780,20170630
78780,아이디에스,KOSDAQ,2016-04-28,2016,4,28,'14사업연도 자본잠식률 50%이상 사유로 관리종목 지정 후 '15사업연도 반기 감사의견 거절,01146105,아이디에스, ,20190415
78780,아이디에스,KOSDAQ,2016-04-28,2016,4,28,'14사업연도 자본잠식률 50%이상 사유로 관리종목 지정 후 '15사업연도 반기 감사의견 거절,00607441,아이디에스, ,20220809
51310,포스코플랜텍,KOSPI,2016-04-15,2016,4,15,자본전액잠식,00185514,포스코플랜텍, ,20170630
65270,플렉스컴,KOSDAQ,2016-04-12,2016,4,12,자본전액잠식,00528986,플렉스컴, ,20170630
65270,플렉스컴,KOSDAQ,2016-04-12,2016,4,12,자본전액잠식,00364926,플렉스컴,065270,20170630
151750,테라텍,KONEX,2016-02-23,2016,2,23,상장폐지 신청('16.02.01),00665630,테라텍,151750,20230221
151750,테라텍,KONEX,2016-02-23,2016,2,23,상장폐지 신청('16.02.01),01909656,테라텍, ,20250416
111610,승화프리텍,KOSDAQ,2016-01-25,2016,1,25,"기업의 계속성, 경영의 투명성 또는 그 밖에 코스닥시장의 건전성 등을 종합적으로 고려하여 상장폐지 기준에 해당한다고 결정",,,,
950010,평산차업 KDR,KOSPI,2015-11-05,2015,11,5,시가총액 미달,,,,
121550,코크렙15호,KOSPI,2015-10-16,2015,10,16,매출액 미달(50억원 미만) 2년 계속,,,,
53870,GT&T,KOSDAQ,2015-10-15,2015,10,15,'14사업연도 자본잠식률 50%이상 사유로 관리종목 지정 후 '15사업연도 반기 감사의견 거절,,,,
82220,프렉코,KONEX,2015-09-25,2015,9,25,지정자문인 선임계약의 해지한 날의 다음날부터 30일이내(2015.09.11限) 지정자문인 선임계약 미체결,00535719,프렉코,082220,20190226
68060,KCW,KOSDAQ,2015-09-18,2015,9,18,"기업의 계속성, 경영의 투명성 또는 그 밖에 코스닥시장의 건전성 등을 종합적으로 고려하여 상장폐지 기준에 해당한다고 결정",,,,
138440,이코리아리츠,KOSPI,2015-09-16,2015,9,16,"기업의 계속성, 경영의 투명성 및 기타 공익과 투자자 보호 등을 종합적으로 고려하여 상장폐지 기준에 해당한다고 결정",,,,
74130,디아이디,KOSDAQ,2015-07-23,2015,7,23,"기업의 계속성, 경영의 투명성 또는 그 밖에 코스닥시장의 건전성 등을 종합적으로 고려하여 상장폐지 기준에 해당한다고 결정",00302801,디아이디,074130,20170630
74130,디아이디,KOSDAQ,2015-07-23,2015,7,23,"기업의 계속성, 경영의 투명성 또는 그 밖에 코스닥시장의 건전성 등을 종합적으로 고려하여 상장폐지 기준에 해당한다고 결정",00355122,디아이디, ,20230223
40670,와이즈파워,KOSDAQ,2015-07-16,2015,7,16,자본전액잠식 등,00248123,와이즈파워,040670,20170630
71930,에이스하이텍,KOSDAQ,2015-07-10,2015,7,10,감사의견거절(감사범위 제한),00303749,에이스하이텍, ,20170630
71930,에이스하이텍,KOSDAQ,2015-07-10,2015,7,10,감사의견거절(감사범위 제한),00183260,에이스하이텍,071930,20170630
33630,SK브로드밴드,KOSDAQ,2015-07-01,2015,7,1,상장폐지신청('15.6.11),,,,
66350,티에스엠텍,KOSDAQ,2015-05-20,2015,5,20,발행한 어음 또는 수표가 주거래은행에 의하여 최종부도로 결정되거나 거래은행에 의한 거래정지,,,,
39530,씨앤케이인터,KOSDAQ,2015-05-19,2015,5,19,기업의 계속성 및 경영의 투명성 등을 종합적으로 고려하여 상장폐지기준에 해당한다고 결정,,,,
39850,태창파로스,KOSDAQ,2015-05-19,2015,5,19,기업의 계속성 및 경영의 투명성 등을 종합적으로 고려하여 상장폐지기준에 해당한다고 결정,00246347,태창파로스,039850,20170630
90120,잘만테크,KOSDAQ,2015-05-13,2015,5,13,감사의견 거절(계속기업 존속능력에 대한 불확실성 및 감사범위 제한),00491336,잘만테크,090120,20220225
65180,해피드림,KOSDAQ,2015-05-04,2015,5,4,감사범위제한으로 인한 한정의견,01211490,해피드림, ,20190328
65180,해피드림,KOSDAQ,2015-05-04,2015,5,4,감사범위제한으로 인한 한정의견,00389679,해피드림,065180,20200228
160350,웹솔루스,KONEX,2015-04-30,2015,4,30,감사의견 거절(감사범위 제한 및 계속기업 존속능력에 대한 불확실성),00350491,웹솔루스,160350,20170630
179280,스탠다드펌,KONEX,2015-04-30,2015,4,30,감사의견 거절(감사범위 제한 및 계속기업 존속능력에 대한 불확실성),00970277,스탠다드펌,179280,20170630
53330,영진코퍼레이션,KOSDAQ,2015-04-23,2015,4,23,자본전액잠식,00356158,영진코퍼레이션,053330,20240628
800,경남기업,KOSPI,2015-04-15,2015,4,15,자본전액잠식,01499654,경남기업, ,20200918
800,경남기업,KOSPI,2015-04-15,2015,4,15,자본전액잠식,00101257,경남기업,000800,20240514
360,삼환기업,KOSPI,2015-04-15,2015,4,15,자본전액잠식,00129411,삼환기업,000360,20250520
14350,신일건업,KOSPI,2015-04-15,2015,4,15,자본전액잠식,00136970,신일건업,014350,20170630
181980,힘스인터내셔널,KONEX,2015-04-15,2015,4,15,상장폐지 신청('15.03.23),,,,
4320,울트라건설,KOSDAQ,2015-04-13,2015,4,13,자본전액잠식,,,,
82240,아시아5호,KOSPI,2015-03-13,2015,3,13,신청에 의한 상장폐지,,,,
82250,아시아6호,KOSPI,2015-03-13,2015,3,13,신청에 의한 상장폐지,,,,
82260,아시아7호,KOSPI,2015-03-13,2015,3,13,신청에 의한 상장폐지,,,,
149130,케이비부국위탁리츠,KOSPI,2015-03-02,2015,3,2,감사의견 부적정,,,,
420,로케트전기,KOSPI,2015-02-24,2015,2,24,감사의견 의견거절,00120377,로케트전기,000420,20170630
81930,아시아8호,KOSPI,2015-02-17,2015,2,17,신청에 의한 상장폐지,,,,
53740,국제엘렉트릭,KOSDAQ,2015-02-10,2015,2,10,상장폐지 신청('15.01.15),,,,
32420,터보테크,KOSDAQ,2015-01-27,2015,1,27,기업의 계속성 및 경영의 투명성 등을 종합적으로 고려하여 상장폐지기준에 해당한다고 결정,00229818,터보테크,032420,20170630
91690,디지텍시스템,KOSDAQ,2015-01-21,2015,1,21,감사의견 거절(감사범위 제한 및 계속기업 존속능력에 대한 불확실성),,,,
950100,SBI모기지,KOSPI,2015-01-07,2015,1,7,신청에 의한 상장폐지,,,,
119250,에프지엔개발리츠,KOSPI,2014-10-29,2014,10,29,"기업의 계속성, 경영의 투명성 및 기타 공익과 투자자 보호 등을 종합적으로 고려하여 상장폐지 기준에 해당한다고 결정",,,,
46400,디브이에스,KOSDAQ,2014-09-02,2014,9,2,감사의견거절(감사범위제한),,,,
110500,유니드코리아,KOSDAQ,2014-09-02,2014,9,2,감사의견 거절(계속기업 존속능력에 대한 불확실성),00653990,유니드코리아,110500,20170630
13340,AJS,KOSDAQ,2014-09-02,2014,9,2,감사의견거절(감사범위 제한 및 계속기업 존속능력에 대한 불확실성),,,,
70480,에버테크노,KOSDAQ,2014-07-17,2014,7,17,감사의견 거절(감사범위 제한 및 계속기업 존속능력에 대한 불확실성,,,,
80180,아시아1호,KOSPI,2014-07-10,2014,7,10,신청에 의한 상장폐지,,,,
82930,실리콘화일,KOSDAQ,2014-05-23,2014,5,23,상장폐지신청('14.04.22),00525527,실리콘화일,082930,20170630
56340,CU전자,KOSDAQ,2014-05-21,2014,5,21,최종부도 발생,,,,
41060,아라온테크,KOSDAQ,2014-05-08,2014,5,8,감사의견 거절(감사범위 제한 및 계속기업 존속능력에 대한 불확실성),00264857,아라온테크,041060,20170630
80980,동북아5호,KOSPI,2014-04-25,2014,4,25,신청에 의한 상장폐지,,,,
5900,동양건설,KOSPI,2014-04-25,2014,4,25,자본전액잠식,00178763,동양건설, ,20170630
5900,동양건설,KOSPI,2014-04-25,2014,4,25,자본전액잠식,00117054,동양건설, ,20170630
5900,동양건설,KOSPI,2014-04-25,2014,4,25,자본전액잠식,00784290,동양건설, ,20170630
2530,벽산건설,KOSPI,2014-04-25,2014,4,25,공시서류 미제출(사업보고서) 후 10일이내 미제출,00122922,벽산건설,002530,20170630
67250,STX조선해양,KOSPI,2014-04-15,2014,4,15,자본전액잠식,,,,
10460,화인자산관리,KOSPI,2014-04-15,2014,4,15,보통주 주식분포요건 미충족 2년 계속,00156521,화인자산관리,010460,20170630
10670,나노트로닉스,KOSDAQ,2014-04-11,2014,4,11,기업의 계속성 및 경영의 투명성 등을 종합적으로 고려하여 상장폐지기준에 해당,00268437,나노트로닉스,010670,20170630
110310,모린스,KOSDAQ,2014-04-11,2014,4,11,자본전액잠식 등,00676380,모린스,110310,20170630
12650,쌍용건설,KOSDAQ,2014-04-11,2014,4,11,자본전액잠식 등,00138206,쌍용건설,012650,20240827
36210,태산엘시디,KOSDAQ,2014-04-11,2014,4,11,자본전액잠식등,00255840,태산엘시디,036210,20170630
5560,JS전선,KOSPI,2014-04-10,2014,4,10,신청에 의한 상장폐지,,,,
74000,엠텍비젼,KOSDAQ,2014-03-27,2014,3,27,최근 5사업연도 연속 영업손실 발생 등,01054123,엠텍비젼, ,20240809
4790,렉스엘이앤지,KOSDAQ,2014-03-04,2014,3,4,"기업의 계속성, 경영의 투명성 또는 기타 코스닥시장의 건전성 등을 종합적으로 고려하여 상장폐지가 필요하다고 인정",00106492,렉스엘이앤지,004790,20170630
80970,동북아4호,KOSPI,2014-02-18,2014,2,18,신청에 의한 상장폐지,,,,
80960,동북아3호,KOSPI,2014-02-11,2014,2,11,신청에 의한 상장폐지,,,,
53320,테라리소스,KOSDAQ,2014-02-07,2014,2,7,기업의 계속성 및 경영의 투명성 등을 종합적으로 고려하여 상장폐지기준에 해당,,,,
900060,중국식품포장,KOSDAQ,2013-10-11,2013,10,11,상장폐지신청('13.09.06),,,,
950070,중국고섬,KOSPI,2013-10-04,2013,10,4,감사의견 의견거절,,,,
8080,에스와이코퍼레이션,KOSPI,2013-09-25,2013,9,25,신청에 의한 상장폐지,00126885,에스와이코퍼레이션,008080,20170630
49000,예당,KOSDAQ,2013-09-10,2013,9,10,기업의 계속성 및 경영의 투명성 등을 종합적으로 고려하여 상장폐지기준에 해당,,,,
56810,위다스,KOSDAQ,2013-09-10,2013,9,10,의견거절(감사범위 제한),00351153,위다스,056810,20170630
56810,위다스,KOSDAQ,2013-09-10,2013,9,10,의견거절(감사범위 제한),00861021,위다스, ,20250418
80030,동북아2호,KOSPI,2013-08-19,2013,8,19,신청에 의한 상장폐지,,,,
35450,지아이바이오,KOSDAQ,2013-08-07,2013,8,7,감사의견거절(감사범위 제한 및 계속기업으로서의 존속능력에 대한 불확실성),00259439,지아이바이오,035450,20170630
37630,에스비엠,KOSDAQ,2013-07-24,2013,7,24,감사의견거절(감사범위 제한 및 계속기업으로서의 존속능력에 대한 불확실성),00265227,에스비엠,037630,20170630
73930,제너시스템즈,KOSDAQ,2013-07-12,2013,7,12,자본전액잠식,00453752,제너시스템즈,073930,20170630
25920,우경,KOSDAQ,2013-07-10,2013,7,10,감사의견거절(감사범위 제한),00183914,우경,025920,20170630
25920,우경,KOSDAQ,2013-07-10,2013,7,10,감사의견거절(감사범위 제한),01269804,우경, ,20230222
25920,우경,KOSDAQ,2013-07-10,2013,7,10,감사의견거절(감사범위 제한),01779471,우경, ,20230822
900010,3노드디지탈,KOSDAQ,2013-06-05,2013,6,5,상장폐지 신청('13.05.08),,,,
12410,글로스텍,KOSPI,2013-06-04,2013,6,4,감사의견 의견거절,00102645,글로스텍,012410,20170630
33550,룩손에너지,KOSDAQ,2013-05-07,2013,5,7,감사의견거절(감사범위 제한 및 계속기업으로서의 존속능력에 대한 불확실성),,,,
36920,지앤에스티,KOSDAQ,2013-05-07,2013,5,7,감사의견거절(감사범위 제한),00240088,지앤에스티,036920,20170630
88700,마이스코,KOSDAQ,2013-05-04,2013,5,4,감사의견거절(계속기업으로서의 존속능력에 대한 불확실성),00450214,마이스코,088700,20170630
28090,네오퍼플,KOSDAQ,2013-05-03,2013,5,3,감사의견거절(감사범위 제한 및 계속기업으로서의 존속능력에 대한 불확실성),00121251,네오퍼플,028090,20240628
3190,알앤엘바이오,KOSPI,2013-05-03,2013,5,3,감사의견 의견거절,,,,
51710,디에스,KOSDAQ,2013-05-01,2013,5,1,감사의견거절(감사범위 제한 및 계속기업으로서의 존속능력에 대한 불확실성),00247920,디에스, ,20170630
51710,디에스,KOSDAQ,2013-05-01,2013,5,1,감사의견거절(감사범위 제한 및 계속기업으로서의 존속능력에 대한 불확실성),00314888,디에스,051710,20170630
51710,디에스,KOSDAQ,2013-05-01,2013,5,1,감사의견거절(감사범위 제한 및 계속기업으로서의 존속능력에 대한 불확실성),01300086,디에스, ,20190315
51710,디에스,KOSDAQ,2013-05-01,2013,5,1,감사의견거절(감사범위 제한 및 계속기업으로서의 존속능력에 대한 불확실성),00654403,디에스, ,20220224
51710,디에스,KOSDAQ,2013-05-01,2013,5,1,감사의견거절(감사범위 제한 및 계속기업으로서의 존속능력에 대한 불확실성),00913661,디에스, ,20240220
9010,에듀언스,KOSDAQ,2013-05-01,2013,5,1,감사의견거절(감사범위 제한 및 계속기업으로서의 존속능력에 대한 불확실성),00173634,에듀언스,009010,20170630
38720,유일엔시스,KOSDAQ,2013-05-01,2013,5,1,감사의견 부적정,00264802,유일엔시스,038720,20170630
38720,유일엔시스,KOSDAQ,2013-05-01,2013,5,1,감사의견 부적정,00300511,유일엔시스, ,20170630
46840,자유투어,KOSDAQ,2013-05-01,2013,5,1,감사의견거절(감사범위 제한) ,00343127,자유투어,046840,20221219
4940,외환은행,KOSPI,2013-04-26,2013,4,26,신청에 의한 상장폐지,,,,
13780,아큐텍,KOSDAQ,2013-04-23,2013,4,23,"기업의 계속성, 경영의 투명성 또는 기타 코스닥시장의 건전성 등을 종합적으로 고려하여 상장폐지가 필요하다고 인정",00267951,아큐텍,013780,20170630
71530,유에이블,KOSDAQ,2013-04-23,2013,4,23,"기업의 계속성, 경영의 투명성 또는 기타 코스닥시장의 건전성 등을 종합적으로 고려하여 상장폐지가 필요하다고 인정",00416706,유에이블,071530,20170630
9280,다함이텍,KOSPI,2013-04-16,2013,4,16,매출액 미달(50억원 미만) 2년 계속,00130046,다함이텍,009280,20230223
6440,한일건설,KOSPI,2013-04-16,2013,4,16,자본전액잠식,00253356,한일건설, ,20170630
6440,한일건설,KOSPI,2013-04-16,2013,4,16,자본전액잠식,01230398,한일건설, ,20170630
6440,한일건설,KOSPI,2013-04-16,2013,4,16,자본전액잠식,00878216,한일건설, ,20220228
6440,한일건설,KOSPI,2013-04-16,2013,4,16,자본전액잠식,00162780,한일건설,006440,20220225
6440,한일건설,KOSPI,2013-04-16,2013,4,16,자본전액잠식,01681848,한일건설, ,20230213
26250,삼우이엠씨,KOSDAQ,2013-04-12,2013,4,12,자본전액잠식,00127370,삼우이엠씨,026250,20170630
52650,이디디컴퍼니,KOSDAQ,2013-04-12,2013,4,12,반기 재무제표에 대한 검토의견거절로 관리종목 지정후 자본잠식률 50% 이상,00329677,이디디컴퍼니,052650,20170630
66060,휴먼텍코리아,KOSDAQ,2013-04-12,2013,4,12,자본전액잠식,00371519,휴먼텍코리아,066060,20170630
93410,코리아06호,KOSPI,2013-04-10,2013,4,10,감사의견 의견거절,,,,
93400,코리아05호,KOSPI,2013-04-10,2013,4,10,감사의견 의견거절,,,,
99210,코리아07호,KOSPI,2013-04-10,2013,4,10,감사의견 의견거절,,,,
68420,엔터기술,KOSDAQ,2013-04-06,2013,4,6,"기업의 계속성, 경영의 투명성 또는 기타 코스닥시장의 건전성 등을 종합적으로 고려하여 상장폐지가 필요하다고 인정",,,,
16570,태평양제약,KOSPI,2013-03-15,2013,3,15,신청에 의한 상장폐지,,,,
31920,신민저축은행,KOSDAQ,2013-02-27,2013,2,27,2반기 연속 자본잠식률 50%이상,,,,
34010,트라이써클,KOSDAQ,2013-02-21,2013,2,21,"기업의 계속성, 경영의 투명성 또는 기타 코스닥시장의 건전성 등을 종합적으로 고려하여 상장폐지가 필요하다고 인정",00251482,트라이써클,034010,20170630
38120,AD모터스,KOSDAQ,2013-01-30,2013,1,30,"기업의 계속성, 경영의 투명성 또는 기타 코스닥시장의 건전성 등을 종합적으로 고려하여 상장폐지가 필요하다고 인정",,,,
15110,중앙건설,KOSPI,2012-12-11,2012,12,11,보통주 주가수준미달,00567569,중앙건설, ,20170630
15110,중앙건설,KOSPI,2012-12-11,2012,12,11,보통주 주가수준미달,00149664,중앙건설,015110,20170630
15110,중앙건설,KOSPI,2012-12-11,2012,12,11,보통주 주가수준미달,00149886,중앙건설, ,20230214
15110,중앙건설,KOSPI,2012-12-11,2012,12,11,보통주 주가수준미달,00661227,중앙건설, ,20230227
15110,중앙건설,KOSPI,2012-12-11,2012,12,11,보통주 주가수준미달,01727751,중앙건설, ,20230407
46430,알에스넷,KOSDAQ,2012-12-05,2012,12,5,"기업의 계속성, 경영의 투명성 또는 기타 코스닥시장의 건전성 등을 종합적으로 고려하여 상장폐지가 필요하다고 인정",00207436,알에스넷,046430,20170630
45050,큐리어스,KOSDAQ,2012-11-27,2012,11,27,"기업의 계속성, 경영의 투명성 또는 기타 코스닥시장의 건전성 등을 종합적으로 고려하여 상장폐지가 필요하다고 인정",,,,
42820,어울림 네트,KOSDAQ,2012-11-17,2012,11,17,기업의 계속성 및 경영의 투명성 등을 종합적으로 고려하여 상장폐지 기준에 해당한다고 결정,,,,
47730,넷웨이브,KOSDAQ,2012-11-17,2012,11,17,기업의 계속성 및 경영의 투명성 등을 종합적으로 고려하여 상장폐지 기준에 해당한다고 결정,,,,
26870,코원에너지서비스,KOSPI,2012-11-15,2012,11,15,신청에 의한 상장폐지,00112907,코원에너지서비스,026870,20250428
43890,한빛방송,KOSDAQ,2012-11-01,2012,11,1,상장폐지 신청('12.09.26),,,,
35210,티브로드도봉강북방송,KOSDAQ,2012-11-01,2012,11,1,상장폐지신청('12.09.26),00244729,티브로드도봉강북방송,035210,20170630
38990,넥스콘테크,KOSDAQ,2012-11-01,2012,11,1,상장폐지신청('12.10.09),,,,
16560,서울저축은행,KOSPI,2012-10-17,2012,10,17,자본잠식(자본금의 50/100이상 잠식) 2년 계속,,,,
7200,진흥저축은행,KOSPI,2012-10-17,2012,10,17,자본전액잠식,00150855,진흥저축은행,007200,20170630
73130,인스프리트,KOSDAQ,2012-10-12,2012,10,12,자본잠식률 50% 이상으로 관리종목 지정 이후 최근 반기의 재무제표에 대한 감사인의 감사의견거절 등,00441872,인스프리트,073130,20170630
16140,웨스테이트,KOSDAQ,2012-10-12,2012,10,12,상장폐지신청('12.09.12),,,,
71660,SSCP,KOSDAQ,2012-09-29,2012,9,29,최종부도 발생,,,,
50050,유아이에너지,KOSDAQ,2012-09-26,2012,9,26,자본전액잠식,00262123,유아이에너지,050050,20170630
900150,성융광전투자,KOSDAQ,2012-09-26,2012,9,26,감사의견거절(감사범위 제한 및 계속기업존속능력 불확실성),,,,
34510,무한투자,KOSDAQ,2012-09-25,2012,9,25,시가총액 40억원 미달,00240398,무한투자,034510,20170630
900030,연합과기,KOSPI,2012-09-14,2012,9,14,감사의견 의견거절,,,,
7150,동양텔레콤,KOSDAQ,2012-09-11,2012,9,11,2회 연속 자본잠식률 50%이상,00117638,동양텔레콤,007150,20200226
33280,어울림엘시스,KOSDAQ,2012-09-11,2012,9,11,2반기 연속 자본잠식률 50%이상,00206127,어울림엘시스,033280,20170630
38320,어울림정보,KOSDAQ,2012-09-08,2012,9,8,2반기 연속 자본잠식률 50%이상,,,,
19260,엔케이바이오,KOSDAQ,2012-09-05,2012,9,5,"기업의 계속성, 경영의 투명성 또는 기타 코스닥시장의 건전성 등을 종합적으로 고려하여 상장폐지 기준에 해당한다고 결정",,,,
11800,배명금속,KOSPI,2012-09-03,2012,9,3,최종부도발생,00122436,배명금속,011800,20170630
105070,금강제강,KOSDAQ,2012-08-14,2012,8,14,최종부도 발생,00579379,금강제강,105070,20170630
45260,디에이치패션,KOSDAQ,2012-08-01,2012,8,1,"기업의 계속성, 경영의 투명성 또는 기타 코스닥시장의 건전성 등을 종합적으로 고려하여 상장폐지가 필요하다고 인정",00264981,디에이치패션,045260,20170630
7800,솔로몬저축은행,KOSPI,2012-07-25,2012,7,25,"기업의 계속성, 경영의 투명성 및 기타 공익과 투자자 보호 등을 종합적으로 고려하여 상장폐지 기준에 해당한다고 결정",00189343,솔로몬저축은행,007800,20170630
25610,한국저축은행,KOSPI,2012-07-25,2012,7,25,"기업의 계속성, 경영의 투명성 및 기타 공익과 투자자 보호 등을 종합적으로 고려하여 상장폐지 기준에 해당한다고 결정",00104704,한국저축은행,025610,20170630
98400,엔스퍼트,KOSDAQ,2012-07-24,2012,7,24,"기업의계속성, 경영의 투명성 또는 기타 코스닥시장의 건전성 등을 종합적으로 고려하여 상장폐지 기준에 해당한다고 결정",00595243,엔스퍼트,098400,20220311
470,그린손해보험,KOSPI,2012-07-16,2012,7,16,자본전액잠식,00104971,그린손해보험,000470,20170630
21060,한림창투,KOSDAQ,2012-06-27,2012,6,27,"기업의계속성, 경영의 투명성 또는 기타 코스닥시장의 건전성 등을 종합적으로 고려하여 상장폐지 기준에 해당한다고 결정",,,,
4550,대우송도개발,KOSPI,2012-06-22,2012,6,22,"기업의 계속성, 경영의 투명성 및 기타 공익과 투자자 보호 등을 종합적으로 고려하여 상장폐지 기준에 해당한다고 결정",00161028,대우송도개발,004550,20170630
12400,허메스홀딩스,KOSPI,2012-06-12,2012,6,12,감사의견 의견거절,00153551,허메스홀딩스,012400,20170630
8540,케이비물산,KOSPI,2012-06-08,2012,6,8,감사의견 의견거절,00154189,케이비물산,008540,20170630
67130,클루넷,KOSDAQ,2012-06-08,2012,6,8,"기업의 계속성, 경영의 투명성 또는 기타 코스닥시장의 건전성 등을 종합적으로 고려하여 상장폐지 기준에 해당한다고 결정",00419989,클루넷,067130,20170630
37240,평안물산,KOSDAQ,2012-06-01,2012,6,1,감사의견거절(감사범위제한),00260693,평안물산,037240,20170630
65310,JH코오스,KOSDAQ,2012-05-31,2012,5,31,기업의 계속성 및 경영의 투명성 등을 종합적으로 고려하여 상장폐지 기준에 해당한다고 결정,,,,
108890,거북선4호,KOSPI,2012-05-24,2012,5,24,신청에 의한 상장폐지,,,,
1310,풍림산업,KOSPI,2012-05-18,2012,5,18,최종부도발생,00155498,풍림산업,001310,20230221
53040,블루젬디앤씨,KOSDAQ,2012-05-17,2012,5,17,감사의견거절(감사범위 제한 및 계속기업존속 불확실성),00349468,블루젬디앤씨,053040,20170630
50470,CT&T,KOSDAQ,2012-05-01,2012,5,1,감사 의견거절(감사범위 제한),,,,
66690,보광티에스,KOSDAQ,2012-05-01,2012,5,1,감사의견 거절(감사범위 제한 및 계속기업존속불확실성),00251385,보광티에스,066690,20170630
15200,비앤비성원,KOSDAQ,2012-05-01,2012,5,1,감사의견거절(감사범위제한),,,,
40740,아인스M&M,KOSDAQ,2012-05-01,2012,5,1,감사의견거절(감사범위 제한 및 계속기업존속 불확실성),,,,
65610,폴리플러스,KOSDAQ,2012-05-01,2012,5,1,감사의견거절(감사범위제한),00245296,폴리플러스,065610,20170630
45470,에이프로테크놀로지,KOSDAQ,2012-04-24,2012,4,24,사업보고서 법정제출기한 익일부터 10일 이내 미제출 등,00264811,에이프로테크놀로지,045470,20170630
68630,에피밸리,KOSDAQ,2012-04-24,2012,4,24,사업보고서 법정제출기한 익일부터 10일 이내 미제출,00301486,에피밸리,068630,20170630
68630,에피밸리,KOSDAQ,2012-04-24,2012,4,24,사업보고서 법정제출기한 익일부터 10일 이내 미제출,00367923,에피밸리, ,20170630
2670,미주제강,KOSDAQ,2012-04-17,2012,4,17,발행한 어음 또는 수표가 주거래은행에 의하여 최종부도로 결정되거나 거래은행에 의한 거래 정지,00115472,미주제강,002670,20240226
101790,케이알제2호,KOSPI,2012-04-17,2012,4,17,자본잠식(자본금의 50/100이상 잠식) 2년 계속,,,,
52350,코아에스앤아이,KOSDAQ,2012-04-17,2012,4,17,감사의견거절(감사범위 제한),00345657,코아에스앤아이,052350,20170630
42340,대국,KOSDAQ,2012-04-13,2012,4,13,최근3사업연도중2사업연도자기자본 50%초과법인세비용차감전손실발생,00264848,대국,042340,20170630
42340,대국,KOSDAQ,2012-04-13,2012,4,13,최근3사업연도중2사업연도자기자본 50%초과법인세비용차감전손실발생,01567131,대국, ,20210513
56710,미리넷,KOSDAQ,2012-04-13,2012,4,13,자본전액잠식,00361035,미리넷,056710,20170630
56710,미리넷,KOSDAQ,2012-04-13,2012,4,13,자본전액잠식,00360850,미리넷, ,20170630
94700,미성포리테크,KOSDAQ,2012-04-13,2012,4,13,자본전액잠식,00530796,미성포리테크,094700,20200228
56010,아이스테이션,KOSDAQ,2012-04-13,2012,4,13,자본전액잠식 등,00386557,아이스테이션,056010,20170630
56010,아이스테이션,KOSDAQ,2012-04-13,2012,4,13,자본전액잠식 등,00639556,아이스테이션, ,20170630
15390,엘앤씨피,KOSDAQ,2012-04-13,2012,4,13,감사의견거절(감사범위제한),00191108,엘앤씨피,015390,20170630
89480,평산,KOSDAQ,2012-04-13,2012,4,13,감사의견거절(감사범위제한),00220181,평산,089480,20170630
89480,평산,KOSDAQ,2012-04-13,2012,4,13,감사의견거절(감사범위제한),00184445,평산, ,20220225
114130,거북선5호,KOSPI,2012-03-02,2012,3,2,신청에 의한 상장폐지,,,,
114140,거북선6호,KOSPI,2012-03-02,2012,3,2,신청에 의한 상장폐지,,,,
134000,거북선7호,KOSPI,2012-03-02,2012,3,2,신청에 의한 상장폐지,,,,
88960,씨티엘테크,KOSDAQ,2012-02-08,2012,2,8,기업의 계속성 및 경영의 투명성 등을 종합적으로 고려하여 상장폐지 기준에 해당한다고 결정,00355821,씨티엘테크,088960,20170630
37380,에이원마이크로,KOSDAQ,2012-02-01,2012,2,1,기업의 계속성 및 경영의 투명성 등을 종합적으로 고려하여 상장폐지 기준에 해당한다고 결정,00164195,에이원마이크로,037380,20170630
46720,엔하이테크,KOSDAQ,2012-02-01,2012,2,1,기업의 계속성 및 경영의 투명성 등을 종합적으로 고려하여 상장폐지 기준에 해당한다고 결정,00334767,엔하이테크,046720,20170630
61050,지앤디윈텍,KOSDAQ,2012-01-20,2012,1,20,기업의 계속성 및 경영의 투명성 등을 종합적으로 고려하여 상장폐지 기준에 해당한다고 결정,00335924,지앤디윈텍,061050,20170630
25340,그린기술투자,KOSDAQ,2011-12-28,2011,12,28,기업의 계속성 및 경영의 투명성 등을 종합적으로 고려하여 상장폐지 기준에 해당한다고 결정,00116073,그린기술투자,025340,20210630
61140,엘앤피아너스,KOSDAQ,2011-12-28,2011,12,28,"기업의 계속성, 경영의 투명성 또는 기타 코스닥시장의 건전성 등을 종합적으로 고려하여 상장폐지가 필요하다고 결정",00298252,엘앤피아너스,061140,20170630
26220,에스티씨라이프,KOSDAQ,2011-11-29,2011,11,29,기업의 계속성 및 경영의 투명성 등을 종합적으로 고려하여 상장폐지 기준에 해당한다고 결정,00133317,에스티씨라이프,026220,20190906
900020,코웰이홀딩스,KOSDAQ,2011-11-26,2011,11,26,상장폐지신청('11.10.27),,,,
37540,네스테크,KOSDAQ,2011-11-26,2011,11,26,"기업의 계속성, 경영의 투명성 또는 기타 코스닥시장의 건전성 등을 종합적으로 고려하여 상장폐지 기준에 해당한다고 결정",00259536,네스테크,037540,20170630
94520,맵스베트남1,KOSPI,2011-11-24,2011,11,24,신청에 의한 상장폐지,,,,
52810,아시아미디어홀딩스,KOSDAQ,2011-11-22,2011,11,22,"기업의 계속성, 경영의 투명성 또는 기타 코스닥시장의 건전성 등을 종합적으로 고려하여 상장폐지 기준에 해당한다고 결정",00355292,아시아미디어홀딩스,052810,20170630
950030,네프로아이티,KOSDAQ,2011-11-05,2011,11,5,기업의 계속성 및 경영의 투명성 등을 종합적으로 고려하여 상장폐지 기준에 해당한다고 결정,00687599,네프로아이티,950030,20170630
37550,클라스타,KOSDAQ,2011-10-26,2011,10,26,"자본잠식률 50% 이상으로 관리종목 지정 후, 최근 반기의 재무제표에 대한 감사인의 감사의견 거절",00314000,클라스타,037550,20170630
40180,대양글로벌,KOSDAQ,2011-10-25,2011,10,25,감사의견거절(감사범위 제한),00269773,대양글로벌,040180,20170630
24100,제일저축은행,KOSPI,2011-10-14,2011,10,14,자본전액잠식,00174129,제일저축은행,024100,20170630
26540,제일창투,KOSDAQ,2011-10-14,2011,10,14,감사의견거절(감사범위제한),,,,
37700,토자이홀딩스,KOSDAQ,2011-10-12,2011,10,12,기업의 계속성 및 경영의 투명성 등을 종합적으로 고려하여 상장폐지 기준에 해당한다고 결정,00265263,토자이홀딩스,037700,20170630
42870,에코페트로시스템,KOSDAQ,2011-10-06,2011,10,6,감사의견거절(감사범위 제한 및 계속기업으로서의 존속능력에 대한 불확실성),00268297,에코페트로시스템,042870,20170630
54010,선팩테크,KOSDAQ,2011-10-06,2011,10,6,감사의견거절(감사범위 제한 및 계속기업으로서의 존속능력에 대한 불확실성),00299376,선팩테크,054010,20170630
52880,큐앤에스,KOSDAQ,2011-09-23,2011,9,23,상장폐지사유 발생,00407090,큐앤에스, ,20170630
81090,씨모텍,KOSDAQ,2011-09-23,2011,9,23,감사의견거절(감사범위 제한 및 계속기업으로서의 존속능력에 대한 불확실성) 등,00582054,씨모텍,081090,20170630
36840,히스토스템,KOSDAQ,2011-09-15,2011,9,15,"기업의 계속성, 경영의 투명성 또는 기타 코스닥시장의 건전성등을 종합적으로 고려하여 상장폐지가  필요하다고 인정",00402457,히스토스템, ,20170630
66340,케이에스알,KOSDAQ,2011-09-09,2011,9,9,자본잠식률 50% 이상으로 관리종목 지정 후 반기보고서 법정제출기한 익일부터 10일 이내 반기 검토(감사)보고서 미제출,,,,
47600,세계투어,KOSDAQ,2011-09-09,2011,9,9,자본잠식률 50% 이상으로 관리종목 지정 후 반기보고서 법정제출기한 익일부터 10일이내 반기검토(감사)보고서 미제출,00258944,세계투어,047600,20170630
50640,이룸지엔지,KOSDAQ,2011-08-20,2011,8,20,"기업의 계속성, 경영의 투명성 또는 기타 코스닥시장의 건전성 등을 종합적으로 고려하여 상장폐지가 필요하다고 인정",00439053,이룸지엔지,050640,20170630
34600,글로웍스,KOSDAQ,2011-06-29,2011,6,29,자본잠식률 50%이상으로 관리종목 지정 후 반기 재무제표에 대한 감사의견 거절,00251190,글로웍스,034600,20170630
105380,다산리츠,KOSPI,2011-06-24,2011,6,24,감사의견 의견거절,,,,
52510,에코솔루션,KOSDAQ,2011-06-16,2011,6,16,감사의견거절(감사범위 제한 및 계속기업으로서의 존속능력에 대한 불확실성),00346966,에코솔루션,052510,20230109
52510,에코솔루션,KOSDAQ,2011-06-16,2011,6,16,감사의견거절(감사범위 제한 및 계속기업으로서의 존속능력에 대한 불확실성),00968555,에코솔루션, ,20230411
39350,헤파호프,KOSDAQ,2011-06-16,2011,6,16,기업의 계속성 및 경영의 투명성 등을 종합적으로 고려하여 상장폐지 기준에 해당한다고 결정,,,,
31950,에듀패스,KOSDAQ,2011-06-09,2011,6,9,"기업의 계속성, 경영의 투명성 또는 기타 코스닥시장의 건전성 등을 종합적으로 고려하여 상장폐지가 필요하다고 인정",00130860,에듀패스,031950,20170630
14590,티엘씨레저,KOSPI,2011-05-13,2011,5,13,감사의견 의견거절,,,,
17170,훈영,KOSPI,2011-05-13,2011,5,13,감사의견 의견거절,00188946,훈영,017170,20170630
72530,나이스메탈,KOSDAQ,2011-05-07,2011,5,7,감사의견거절(감사범위 제한 및 계속기업으로서의 존속능력에 대한 불확실성),00614760,나이스메탈, ,20170630
72530,나이스메탈,KOSDAQ,2011-05-07,2011,5,7,감사의견거절(감사범위 제한 및 계속기업으로서의 존속능력에 대한 불확실성),00408585,나이스메탈,072530,20170630
38710,BRN사이언스,KOSDAQ,2011-05-07,2011,5,7,감사의견거절(계속기업으로서의 존속능력에 대한 불확실성),,,,
30420,디패션,KOSDAQ,2011-05-07,2011,5,7,감사의견 부적정,00228916,디패션,030420,20170630
33850,지노시스템,KOSDAQ,2011-05-07,2011,5,7,감사의견거절(감사범위제한),00607858,지노시스템, ,20170630
33850,지노시스템,KOSDAQ,2011-05-07,2011,5,7,감사의견거절(감사범위제한),00244589,지노시스템,033850,20170630
88810,맥스브로,KOSDAQ,2011-04-29,2011,4,29,감사의견거절(감사범위 제한 및 계속기업으로서의 존속능력에 대한 불확실성),00560991,맥스브로,088810,20170630
39040,유니텍전자,KOSDAQ,2011-04-29,2011,4,29,감사의견거절(감사범위 제한 및 계속기업으로서의 존속능력에 대한 불확실성),00265078,유니텍전자,039040,20170630
54170,엔빅스,KOSDAQ,2011-04-29,2011,4,29,감사의견거절(감사범위 제한),00300566,엔빅스,054170,20170630
17160,세븐코스프,KOSDAQ,2011-04-29,2011,4,29,감사의견거절(감사범위제한 및 계속기업으로서의 존속능력에 대한 불확실성),00103121,세븐코스프,017160,20240628
43630,지앤알,KOSDAQ,2011-04-29,2011,4,29,감사의견거절(감사범위 제한 및 계속기업으로서의 존속능력에 대한 불확실성),00267474,지앤알,043630,20170630
54150,뉴젠아이씨티,KOSDAQ,2011-04-29,2011,4,29,감사의견거절(감사범위제한),00350118,뉴젠아이씨티,054150,20170630
19430,넥서스투자,KOSDAQ,2011-04-29,2011,4,29,감사의견거절(감사범위제한),,,,
16160,오라바이오틱스,KOSPI,2011-04-26,2011,4,26,공시서류 미제출(사업보고서) 후 10일이내 미제출,00109648,오라바이오틱스,016160,20170630
37020,한와이어리스,KOSDAQ,2011-04-23,2011,4,23,사업보고서 법정제출기한 익일부터 10일이내 미제출,00178471,한와이어리스,037020,20170630
32290,알티전자,KOSDAQ,2011-04-23,2011,4,23,사업보고서 법정제출기한 익일부터 10일 이내 미제출,,,,
49690,포휴먼,KOSDAQ,2011-04-23,2011,4,23,사업보고서 법정제출기한 익일부터 10일이내 미제출,00331733,포휴먼,049690,20170630
60750,제이콤,KOSDAQ,2011-04-16,2011,4,16,최종부도 발생,00316488,제이콤,060750,20170630
13240,셀런,KOSPI,2011-04-15,2011,4,15,자본전액잠식,00134051,셀런,013240,20170630
5350,봉신,KOSPI,2011-04-15,2011,4,15,자본전액잠식,,,,
31990,대선조선,KOSDAQ,2011-04-13,2011,4,13,자본전액잠식 등,00110307,대선조선,031990,20220128
43680,스톰이앤에프,KOSDAQ,2011-04-13,2011,4,13,자본전액잠식 등,00264796,스톰이앤에프,043680,20170630
48640,엠엔에프씨,KOSDAQ,2011-04-13,2011,4,13,자본전액잠식 등,00236368,엠엔에프씨,048640,20170630
30030,중앙디자인,KOSDAQ,2011-04-13,2011,4,13,자본전액잠식,00200761,중앙디자인,030030,20170630
30030,중앙디자인,KOSDAQ,2011-04-13,2011,4,13,자본전액잠식,01863600,중앙디자인, ,20240830
19120,경윤하이드로,KOSDAQ,2011-04-06,2011,4,6,기업의 계속성 및 경영의 투명성 등을 종합적으로 고려하여 상장폐지 기준에 해당한다고 결정,,,,
32380,핸디소프트,KOSDAQ,2011-03-03,2011,3,3,기업의 계속성 및 경영의 투명성 등을 종합적으로 고려하여 상장폐지 기준에 해당한다고 결정,00231521,핸디소프트,032380,20170630
32380,핸디소프트,KOSDAQ,2011-03-03,2011,3,3,기업의 계속성 및 경영의 투명성 등을 종합적으로 고려하여 상장폐지 기준에 해당한다고 결정,00793155,핸디소프트,220180,20221201
9720,전기초자,KOSPI,2011-02-16,2011,2,16,신청에 의한 상장폐지,,,,
46240,에스브이에이치,KOSDAQ,2011-02-12,2011,2,12,기업의 계속성 및 경영의 투명성 등을 종합적으로 고려하여 상장폐지 기준에 해당한다고 결정,00268358,에스브이에이치,046240,20170630
84450,세실,KOSDAQ,2011-02-10,2011,2,10,감사의견거절(범위제한 및 계속기업 존속 불확실성),00446831,세실,084450,20240628
88020,네이쳐글로벌,KOSDAQ,2011-01-08,2011,1,8,"기업의 계속성, 경영의 투명성 또는 기타 코스닥시장의 건전성 등을 종합적으로 고려하여 상장폐지 기준에 해당한다고 결정",00540304,네이쳐글로벌,088020,20170630
82110,동북아8호,KOSPI,2011-01-04,2011,1,4,종목별 상장폐지신청,,,,
52210,엠씨티티코어,KOSDAQ,2010-12-04,2010,12,4,"기업의 계속성, 경영의 투명성 또는 기타 코스닥시장의 건전성 등을 종합적으로 고려하여 상장폐지 기준에 해당한다고 결정",00262275,엠씨티티코어,052210,20170630
101380,거북선2호,KOSPI,2010-12-03,2010,12,3,신청에 의한 상장폐지,,,,
102000,거북선3호,KOSPI,2010-12-03,2010,12,3,신청에 의한 상장폐지,,,,
47450,이앤텍,KOSDAQ,2010-11-30,2010,11,30,"기업의 계속성, 경영의 투명성 또는 기타 코스닥시장의 건전성 등을 종합적으로 고려하여 상장폐지 기준에 해당한다고 결정",00215107,이앤텍,047450,20170630
78420,동북아1호,KOSPI,2010-11-29,2010,11,29,신청에 의한 상장폐지,,,,
48140,태광이엔시,KOSDAQ,2010-11-25,2010,11,25,"기업의 계속성, 경영의 투명성 또는 기타 코스닥시장의 건전성 등을 종합적으로 고려하여 상장폐지 기준에 해당한다고 결정",00320807,태광이엔시,048140,20170630
48510,테스텍,KOSDAQ,2010-11-10,2010,11,10,최근 사업연도말 기준으로 자본잠식률 100분의 50 이상 및 자기자본 10억원 미만의 사유로 관리종목으로 지정된 후 최근 반기말 외부감사인의 감사보고서상 계속기업 존속능력에 대한 불확실성으로 인한 의견거절 발생,00331760,테스텍,048510,20170630
70080,하이드로젠파워,KOSDAQ,2010-11-06,2010,11,6,최종부도,,,,
80410,동북아6호,KOSPI,2010-10-25,2010,10,25,신청에 의한 상장폐지,,,,
52970,올리브나인,KOSDAQ,2010-10-20,2010,10,20,"기업의 계속성, 경영의 투명성 또는 기타 코스닥시장의 건전성 등을 종합적으로 고려하여 상장폐지 기준에 해당한다고 결정",00362089,올리브나인,052970,20170630
58900,투미비티,KOSDAQ,2010-10-12,2010,10,12,"기업의 계속성, 경영의 투명성 또는 기타 코스닥시장의 건전성 등을 종합적으로 고려하여 상장폐지 기준에 해당한다고 결정",00392600,투미비티,058900,20170630
55250,다휘,KOSDAQ,2010-10-01,2010,10,1,"기업의 계속성, 경영의 투명성 또는 기타 코스닥시장의 건전성 등을 종합적으로 고려하여 상장폐지 기준에 해당한다고 결정",00353735,다휘,055250,20170630
35400,브이에스에스티,KOSDAQ,2010-10-01,2010,10,1,기업의 계속성 및 경영의 투명성 등을 종합적으로 고려하여 상장폐지가 필요하다고 인정,,,,
33030,지오엠씨,KOSDAQ,2010-09-25,2010,9,25,"기업의 계속성, 경영의 투명성 또는 기타 코스닥시장의 건전성 등을 종합적으로 고려하여 상장폐지 기준에 해당한다고 결정",00232317,지오엠씨,033030,20170630
41450,인네트,KOSDAQ,2010-09-14,2010,9,14,최종부도 발생,00269339,인네트,041450,20170630
89240,네오세미테크,KOSDAQ,2010-09-03,2010,9,3,감사의견거절(감사범위 제한),00535588,네오세미테크,089240,20170630
89240,네오세미테크,KOSDAQ,2010-09-03,2010,9,3,감사의견거절(감사범위 제한),00410447,네오세미테크, ,20170630
58690,퓨쳐인포넷,KOSDAQ,2010-08-26,2010,8,26,기업의 계속성 및 경영의 투명성 등을 종합적으로 고려하여 상장폐지가 필요하다고 인정,00225210,퓨쳐인포넷,058690,20170630
41550,쎄라텍,KOSDAQ,2010-08-25,2010,8,25,"기업의 계속성, 경영의 투명성 또는 기타 코스닥시장의 건전성 등을 종합적으로 고려하여 상장폐지 기준에 해당한다고 결정",00138376,쎄라텍,041550,20240628
12580,톰보이,KOSPI,2010-07-30,2010,7,30,최종부도발생,,,,
18890,모라리소스,KOSDAQ,2010-07-22,2010,7,22,"기업의 계속성, 경영의 투명성 또는 기타 코스닥시장의  건전성 등을 종합적으로 고려하여 상장폐지 기준에 해당한다고 결정",,,,
11050,케드콤,KOSPI,2010-07-22,2010,7,22,감사의견 의견거절,00159281,케드콤,011050,20170630
47710,액티투오,KOSDAQ,2010-07-21,2010,7,21,"기업의 계속성, 경영의 투명성 또는 기타 코스닥시장의 건전성 등을 종합적으로 고려하여 상장폐지 기준에 해당한다고 결정",00348557,액티투오,047710,20170630
35830,메카포럼,KOSDAQ,2010-07-16,2010,7,16,"기업의 계속성, 경영의 투명성 또는 기타 코스닥시장의 건전성 등을 종합적으로 고려하여 상장폐지 기준에 해당한다고 결정",00246383,메카포럼,035830,20170630
84240,동북아15호,KOSPI,2010-07-13,2010,7,13,신청에 의한 상장폐지,,,,
66300,샤인시스템,KOSDAQ,2010-06-29,2010,6,29,"기업의 계속성, 경영의 투명성 또는 기타 코스닥시장의 건전성 등을 종합적으로 고려하여 상장폐지 기준에 해당한다고 결정",00224567,샤인시스템,066300,20170630
66930,에스디,KOSDAQ,2010-06-29,2010,6,29,상장폐지신청('10.06.01),00571687,에스디, ,20170630
66930,에스디,KOSDAQ,2010-06-29,2010,6,29,상장폐지신청('10.06.01),01085558,에스디, ,20170630
23670,알이엔,KOSDAQ,2010-06-17,2010,6,17,"기업의 계속성, 경영의 투명성 또는 기타 코스닥시장의 건전성 등을 종합적으로 고려하여 상장폐지 기준에 해당한다고 결정",,,,
68770,선우중공업,KOSDAQ,2010-06-17,2010,6,17,"기업의 계속성, 경영의 투명성 또는 기타 코스닥시장의 건전성 등을 종합적으로 고려하여 상장폐지 기준에 해당한다고 결정",00238913,선우중공업,068770,20170630
11400,케이씨오에너지,KOSPI,2010-05-20,2010,5,20,최종부도발생,,,,
67850,바이나믹,KOSDAQ,2010-05-19,2010,5,19,당해 코스닥시장상장법인의 계속성 및 경영의 투명성 등을 종합적으로 고려한 결과 상장폐지기준에 해당한다고 결정,00417963,바이나믹,067850,20170630
18410,현대금속,KOSPI,2010-05-13,2010,5,13,감사의견 의견거절,00174475,현대금속,018410,20170630
18410,현대금속,KOSPI,2010-05-13,2010,5,13,감사의견 의견거절,01048052,현대금속, ,20170630
7490,태창기업,KOSPI,2010-05-13,2010,5,13,감사의견 의견거절,00154204,태창기업,007490,20170630
7490,태창기업,KOSPI,2010-05-13,2010,5,13,감사의견 의견거절,00364272,태창기업, ,20220223
41630,인젠,KOSDAQ,2010-05-08,2010,5,8,감사범위제한으로 인한 의견거절,00352295,인젠,041630,20170630
85990,단성일렉트론,KOSDAQ,2010-05-08,2010,5,8,감사의견거절(감사범위제한),,,,
58480,해원에스티,KOSDAQ,2010-05-08,2010,5,8,감사범위제한으로 인한 감사의견거절,00252001,해원에스티,058480,20230209
57100,하이스마텍,KOSDAQ,2010-05-08,2010,5,8,감사의견거절(감사범위제한),00350057,하이스마텍,057100,20170630
53470,오페스,KOSDAQ,2010-05-08,2010,5,8,감사범위제한으로 인한 감사의견 거절,00311298,오페스,053470,20170630
74140,엑스로드,KOSDAQ,2010-05-08,2010,5,8,감사범위제한으로 인한 의견거절,00463050,엑스로드,074140,20170630
30390,쏠라엔텍,KOSDAQ,2010-05-08,2010,5,8,감사의견거절(감사범위제한 및 계속기업 존속 불확실),00268020,쏠라엔텍,030390,20170630
41320,보홍,KOSDAQ,2010-05-08,2010,5,8,감사의견거절(감사범위제한),00269287,보홍,041320,20170630
65410,지엔텍홀딩스,KOSDAQ,2010-05-05,2010,5,5,감사의견거절(감사범위제한 및 계속기업 존속 불확실),00210537,지엔텍홀딩스,065410,20170630
41030,이루넷,KOSDAQ,2010-05-05,2010,5,5,감사범위제한으로 인한 감사의견 거절,00257529,이루넷,041030,20170630
12090,성원건설,KOSPI,2010-05-03,2010,5,3,감사의견 의견거절,00133034,성원건설,012090,20170630
12090,성원건설,KOSPI,2010-05-03,2010,5,3,감사의견 의견거절,00609306,성원건설, ,20170630
12090,성원건설,KOSPI,2010-05-03,2010,5,3,감사의견 의견거절,00240440,성원건설, ,20170630
12090,성원건설,KOSPI,2010-05-03,2010,5,3,감사의견 의견거절,01497115,성원건설, ,20200907
12090,성원건설,KOSPI,2010-05-03,2010,5,3,감사의견 의견거절,01693728,성원건설, ,20230222
12090,성원건설,KOSPI,2010-05-03,2010,5,3,감사의견 의견거절,01824939,성원건설, ,20240701
24870,유성티에스아이,KOSPI,2010-05-03,2010,5,3,감사의견 의견거절,00144562,유성티에스아이,024870,20170630
69470,제로원인터랙티브,KOSPI,2010-05-03,2010,5,3,감사의견 의견거절,00428792,제로원인터랙티브,069470,20170630
35710,CL,KOSDAQ,2010-05-01,2010,5,1,감사범위제한으로 인한 감사의견거절,,,,
37110,JS,KOSDAQ,2010-05-01,2010,5,1,감사의견거절(감사범위제한),,,,
78670,아구스,KOSDAQ,2010-05-01,2010,5,1,감사의견거절(감사범위제한 및 계속기업 존속 불확실),00537443,아구스,078670,20170630
20070,에버리소스,KOSDAQ,2010-05-01,2010,5,1,감사범위제한 및 계속기업존속능력에 대한 불확실성으로 인한 감사의견거절,00154727,에버리소스,020070,20170630
76090,테이크시스템,KOSDAQ,2010-04-23,2010,4,23,감사의견거절(감사범위제한),,,,
2540,고제,KOSPI,2010-04-23,2010,4,23,감사의견 의견거절,00103325,고제,002540,20240628
45290,포네이처,KOSDAQ,2010-04-23,2010,4,23,사업보고서 법정제출기한 익일부터 10일이내 미제출,00263885,포네이처,045290,20170630
33190,폴켐,KOSDAQ,2010-04-23,2010,4,23,사업보고서 법정제출기한 익일부터 10일이내 미제출,00130204,폴켐,033190,20170630
53440,성우몰드,KOSDAQ,2010-04-21,2010,4,21,상장폐지신청('10.3.29),00208301,성우몰드,053440,20240628
48130,에스피코프,KOSDAQ,2010-04-20,2010,4,20,최종부도 발생,00345499,에스피코프,048130,20170630
38690,에이스일렉,KOSDAQ,2010-04-17,2010,4,17,감사의견거절(감사범위제한),,,,
33260,쌈지,KOSDAQ,2010-04-17,2010,4,17,최종부도 발생,00225140,쌈지,033260,20170630
1600,서광건설,KOSPI,2010-04-15,2010,4,15,자본전액잠식,,,,
4820,조인에너지,KOSPI,2010-04-15,2010,4,15,자본전액잠식,00174305,조인에너지,004820,20170630
34660,제넥셀,KOSDAQ,2010-04-15,2010,4,15,감사범위제한으로 인한 감사의견 거절,00407364,제넥셀, ,20240628
17300,에이치비이에너지,KOSPI,2010-04-15,2010,4,15,자본전액잠식,00152631,에이치비이에너지,017300,20170630
65340,쓰리디월드,KOSDAQ,2010-04-15,2010,4,15,감사의견거절(감사범위제한),00388272,쓰리디월드,065340,20170630
60670,유퍼트,KOSDAQ,2010-04-13,2010,4,13,자본전액잠식,00299686,유퍼트,060670,20170630
46350,에듀아크,KOSDAQ,2010-04-13,2010,4,13,최근 3사업연도 연속 자기자본 대비 50% 초과 법인세 비용차감전계속사업손실 발생,00250775,에듀아크,046350,20170630
15170,중앙바이오텍,KOSDAQ,2010-04-13,2010,4,13,자본전액잠식,00149877,중앙바이오텍,015170,20190510
32030,일공공일안경,KOSDAQ,2010-04-13,2010,4,13,자본전액잠식,,,,
8340,코레스,KOSDAQ,2010-04-13,2010,4,13,자본전액잠식,,,,
51810,모보,KOSDAQ,2010-04-13,2010,4,13,최근 3사업연도 연속 자기자본 50%초과 법인세비용차감전 계속사업손실 등,00347442,모보,051810,20230216
79560,모젬,KOSDAQ,2010-04-13,2010,4,13,최근 3사업연도 연속 자기자본 대비 50% 초과 법인세 비용차감전계속사업손실 발생,,,,
64060,사이노젠,KOSDAQ,2010-04-13,2010,4,13,자본전액잠식,00367376,사이노젠,064060,20240628
45880,유티엑스,KOSDAQ,2010-04-10,2010,4,10,기업의 계속성 및 경영의 투명성 등을 종합적으로 고려하여 상장폐지가 필요하다고 인정,00344746,유티엑스,045880,20170630
17050,스타맥스,KOSDAQ,2010-04-05,2010,4,5,"기업의 계속성, 경영의 투명성 또는 기타 코스닥시장의 건전성 등을 종합적으로 고려하여 상장폐지가 필요하다고 인정 ",00136554,스타맥스,017050,20170630
17050,스타맥스,KOSDAQ,2010-04-05,2010,4,5,"기업의 계속성, 경영의 투명성 또는 기타 코스닥시장의 건전성 등을 종합적으로 고려하여 상장폐지가 필요하다고 인정 ",00135290,스타맥스, ,20170630
54020,GK파워,KOSDAQ,2010-04-03,2010,4,3,최종부도,,,,
84810,아이알디,KOSDAQ,2010-04-01,2010,4,1,당해 코스닥시장상장법인의 계속성 및 경영의 투명성 등을 종합적으로 고려한 결과 상장폐지기준에 해당한다고 결정,00507257,아이알디,084810,20170630
17010,제너비오믹스,KOSDAQ,2010-03-26,2010,3,26,- 주된 영업이 정지되어 코스닥시장상장규정 제38조제2항제1호(삭제 ‘09.12.2)의 상장폐지기준 해당 / 기업의 계속성 및 경영의 투명성 등을 종합적으로 고려한 결과 코스닥시장상장규정 제38조제2항제5호라목(신설 ‘09.12.2)의 상장폐지기준 해당 ,00158839,제너비오믹스,017010,20170630
8320,한국기술산업,KOSPI,2010-03-11,2010,3,11,감사의견 의견거절,00110176,한국기술산업,008320,20170630
15050,비전하이테크,KOSDAQ,2010-03-09,2010,3,9,"기업의 계속성, 경영의 투명성 또는 기타 코스닥시장의 건전성 등을 종합적으로 고려하여 상장폐지가 필요하다고 인정",00419147,비전하이테크, ,20170630
56850,코어비트,KOSDAQ,2010-03-09,2010,3,9,"기업의 계속성, 경영의 투명성 또는 기타 코스닥시장의 건전성 등을 종합적으로 고려하여 상장폐지가 필요하다고 인정",00358095,코어비트,056850,20170630
41800,코디콤,KOSDAQ,2010-03-09,2010,3,9,"기업의 계속성, 경영의 투명성 또는 기타 코스닥시장의 건전성 등을 종합적으로 고려하여 상장폐지가 필요하다고 인정",00287724,코디콤,041800,20170630
78700,신지소프트,KOSDAQ,2010-02-27,2010,2,27,시가총액 40억원 미달,00477372,신지소프트,078700,20170630
31960,동산진흥,KOSDAQ,2010-02-20,2010,2,20,"기업의 계속성, 경영의 투명성 또는 기타 코스닥시장의 건전성 등을 종합적으로 고려하여 상장폐지기준에 해당한다고 결정",00267775,동산진흥,031960,20170630
67950,티이씨,KOSDAQ,2010-02-20,2010,2,20,당해 코스닥시장상장법인의 계속성 및 경영의 투명성 등을 종합적으로 고려한 결과 상장폐지기준에 해당한다고 결정,00140104,티이씨, ,20170630
67950,티이씨,KOSDAQ,2010-02-20,2010,2,20,당해 코스닥시장상장법인의 계속성 및 경영의 투명성 등을 종합적으로 고려한 결과 상장폐지기준에 해당한다고 결정,00394574,티이씨,067950,20170630
45400,이롬텍,KOSDAQ,2010-02-11,2010,2,11,"정기보고서 미제출로 관리종목 지정후 법정제출기한내 사업보고서 미제출, 2회 연속 정기주주총회 미개최 또는 재무제표 미승인, 자본전액잠식 ",00348140,이롬텍,045400,20170630
37830,글로포스트,KOSDAQ,2010-02-09,2010,2,9,"기업의 계속성, 경영의 투명성 또는 기타 코스닥시장의 건전성 등을 종합적으로 고려하여 상장폐지가 필요하다고 인정",00261188,글로포스트,037830,20170630
80140,디보스,KOSDAQ,2010-02-02,2010,2,2,자본잠식률 50%이상사유로 관리종목지정후 반기 감사의견 부적정,00441298,디보스,080140,20170630
47940,비엔디,KOSDAQ,2010-01-29,2010,1,29,당해 코스닥시장상장법인의 계속성 및 경영의 투명성 등을 종합적으로 고려한 결과 상장폐지기준에 해당한다고 결정,00329084,비엔디,047940,20240628
37510,굿라이프10-MF,KOSDAQ,2010-01-26,2010,1,26,자본시장과금융투자업에관한법률 제202조제1항에 의한 해산사유에 해당하는 경우,,,,
83120,동북아9호,KOSPI,2010-01-20,2010,1,20,신청에 의한 상장폐지,,,,
62730,케너텍,KOSDAQ,2009-12-23,2009,12,23,회생절차폐지결정사유 및 당해 코스닥시장상장법인의 계속기업 가능성 유무를 고려한 결과  상장폐지기준에 해당한다고 결정,00372013,케너텍,062730,20170630
85680,모빌탑,KOSDAQ,2009-11-25,2009,11,25,"기업의 계속성, 경영의 투명성 또는 기타 코스닥시장의 건전성 등을 종합적으로 고려하여 상장폐지가 필요하다고 인정",00540021,모빌탑,085680,20170630
36660,플러스프로핏,KOSDAQ,2009-11-20,2009,11,20,감사범위 제한에 따른 감사의견 거절,00259606,플러스프로핏,036660,20170630
14420,프로비타,KOSDAQ,2009-11-06,2009,11,6,주된 영업의 정지에 의한 상장폐지기준 해당,00128953,프로비타,014420,20170630
51530,굿이엠지,KOSDAQ,2009-11-03,2009,11,3,주된 영업의 정지에 의한 상장폐지기준 해당,00300779,굿이엠지,051530,20170630
35010,소예,KOSDAQ,2009-11-03,2009,11,3,최근 사업연도의 재무제표에 대한 감사인의 감사의견거절,00134909,소예,035010,20170630
35010,소예,KOSDAQ,2009-11-03,2009,11,3,최근 사업연도의 재무제표에 대한 감사인의 감사의견거절,01662375,소예, ,20220511
92970,거북선1호,KOSPI,2009-10-16,2009,10,16,신청에 의한 상장폐지,,,,
1950,남한제지,KOSPI,2009-10-15,2009,10,15,자본잠식(자본금의 50/100이상 잠식) 2년 계속,00107923,남한제지,001950,20240628
66850,아이드림,KOSDAQ,2009-10-07,2009,10,7,자본잠식률 50%이상으로 관리종목 지정 후 반기 재무제표에 대한 감사의견 거절,00397766,아이드림,066850,20170630
44770,에이엠에스,KOSDAQ,2009-10-07,2009,10,7,"자본전액잠식, 2반기 연속 자본잠식률 50%이상, 2반기 연속 자기자본 10억원 미만",01471074,에이엠에스, ,20210302
44770,에이엠에스,KOSDAQ,2009-10-07,2009,10,7,"자본전액잠식, 2반기 연속 자본잠식률 50%이상, 2반기 연속 자기자본 10억원 미만",01024399,에이엠에스, ,20230330
44770,에이엠에스,KOSDAQ,2009-10-07,2009,10,7,"자본전액잠식, 2반기 연속 자본잠식률 50%이상, 2반기 연속 자기자본 10억원 미만",00909288,에이엠에스, ,20240206
44770,에이엠에스,KOSDAQ,2009-10-07,2009,10,7,"자본전액잠식, 2반기 연속 자본잠식률 50%이상, 2반기 연속 자기자본 10억원 미만",00264103,에이엠에스,044770,20240628
44770,에이엠에스,KOSDAQ,2009-10-07,2009,10,7,"자본전액잠식, 2반기 연속 자본잠식률 50%이상, 2반기 연속 자기자본 10억원 미만",01906589,에이엠에스, ,20250422
52640,제네시스,KOSDAQ,2009-10-07,2009,10,7,"기업의 계속성, 경영의 투명성 또는 기타 코스닥시장의 건전성 등을 종합적으로 고려하여 상장폐지가 필요하다고 인정",,,,
73710,씨디네트웍스,KOSDAQ,2009-09-23,2009,9,23,상장폐지신청(2009.08.31),00493501,씨디네트웍스,073710,20220217
32570,카라반케이디이,KOSDAQ,2009-09-18,2009,9,18,발행한 어음 또는 수표가 주거래은행에 의하여 최종부도로 결정되거나 거래은행에 의한 거래 정지,00101442,카라반케이디이,032570,20170630
58550,네오리소스,KOSDAQ,2009-09-15,2009,9,15,자본잠식률 50%이상 및 자기자본 10억원 미만으로 관리종목 지정 후 반기의 재무제표에 대한 감사의견 거절,00370547,네오리소스,058550,20170630
54650,뉴젠비아이티,KOSDAQ,2009-09-04,2009,9,4,반기보고서 법정제출기한 익일부터 10일이내 반기검토(감사)보고서 미제출,00362380,뉴젠비아이티,054650,20170630
33880,블루멈,KOSDAQ,2009-09-04,2009,9,4," - 2회연속 자본잠식률 50% 이상
  - 2009.3.31 자본잠식률 50% 이상으로 관리종목 지정 후,
  최근 반기의 재무제표에 대한 감사인의 감사의견 거절",,,,
35500,써니트렌드,KOSDAQ,2009-09-04,2009,9,4,"-2회연속 자본잠식률 50%이상
 -2회연속 자기자본 10억원미만
 -자본잠식률 50%이상 및 자기자본 10억원미만으로 관리종목 지정후 최근 반기 재무제표에 대한 외부감사인의 감사의견 의견거절",00255309,써니트렌드,035500,20170630
46320,MTRON,KOSDAQ,2009-08-28,2009,8,28,2회연속 자본잠식률 50%이상 및 자기자본 10억원 미만,,,,
35950,케이알,KOSDAQ,2009-08-21,2009,8,21,감사범위제한으로 인한 감사의견거절 및 계속기업 불확실성으로 인한 감사의견거절 사유해소 확인서 미제출,00242439,케이알,035950,20170630
35950,케이알,KOSDAQ,2009-08-21,2009,8,21,감사범위제한으로 인한 감사의견거절 및 계속기업 불확실성으로 인한 감사의견거절 사유해소 확인서 미제출,01096077,케이알, ,20230417
35950,케이알,KOSDAQ,2009-08-21,2009,8,21,감사범위제한으로 인한 감사의견거절 및 계속기업 불확실성으로 인한 감사의견거절 사유해소 확인서 미제출,01207585,케이알, ,20240628
35950,케이알,KOSDAQ,2009-08-21,2009,8,21,감사범위제한으로 인한 감사의견거절 및 계속기업 불확실성으로 인한 감사의견거절 사유해소 확인서 미제출,00520993,케이알, ,20250324
38830,케이엠에스,KOSDAQ,2009-08-08,2009,8,8,"기업의 계속성, 경영의 투명성 또는 기타 코스닥시장의 건전성 등을 종합적으로 고려하여 상장폐지가 필요하다고 인정",00271431,케이엠에스,038830,20170630
38830,케이엠에스,KOSDAQ,2009-08-08,2009,8,8,"기업의 계속성, 경영의 투명성 또는 기타 코스닥시장의 건전성 등을 종합적으로 고려하여 상장폐지가 필요하다고 인정",01454891,케이엠에스, ,20240313
38830,케이엠에스,KOSDAQ,2009-08-08,2009,8,8,"기업의 계속성, 경영의 투명성 또는 기타 코스닥시장의 건전성 등을 종합적으로 고려하여 상장폐지가 필요하다고 인정",01651962,케이엠에스, ,20230223
38830,케이엠에스,KOSDAQ,2009-08-08,2009,8,8,"기업의 계속성, 경영의 투명성 또는 기타 코스닥시장의 건전성 등을 종합적으로 고려하여 상장폐지가 필요하다고 인정",01840265,케이엠에스, ,20240507
38830,케이엠에스,KOSDAQ,2009-08-08,2009,8,8,"기업의 계속성, 경영의 투명성 또는 기타 코스닥시장의 건전성 등을 종합적으로 고려하여 상장폐지가 필요하다고 인정",01928086,케이엠에스, ,20250512
6210,휴리프,KOSPI,2009-07-15,2009,7,15,자본잠식(자본금의 50/100이상 잠식) 2년 계속,00142698,휴리프,006210,20170630
63280,사이버패스,KOSDAQ,2009-07-08,2009,7,8,"기업의 계속성, 경영의 투명성 또는 기타 코스닥시장의 건전성 등을 종합적으로 고려하여 상장폐지가 필요하다고 인정",00336570,사이버패스,063280,20170630
31800,ST&I,KOSDAQ,2009-07-01,2009,7,1,"기업의 계속성, 경영의 투명성 또는 기타 코스닥시장의 건전성 등을 종합적으로 고려하여 상장폐지가 필요하다고 인정",,,,
52560,삼성수산,KOSDAQ,2009-07-01,2009,7,1,"기업의 계속성, 경영의 투명성 또는 기타 코스닥시장의 건전성 등을 종합적으로 고려하여 상장폐지가 필요하다고 인정",00339063,삼성수산,052560,20170630
79340,하이럭스,KOSDAQ,2009-06-24,2009,6,24,"기업의 계속성, 경영의 투명성 또는 기타 코스닥시장의 건전성 등을 종합적으로 고려하여 상장폐지가 필요하다고 인정",00480844,하이럭스,079340,20170630
36610,지디코프,KOSDAQ,2009-06-17,2009,6,17,"기업의 계속성, 경영의 투명성 또는 기타 코스닥시장의 건전성 등을 종합적으로 고려하여 상장폐지가 필요하다고 인정",00254009,지디코프,036610,20170630
36270,헤쎄나,KOSDAQ,2009-06-17,2009,6,17,"기업의 계속성, 경영의 투명성 또는 기타 코스닥시장의 건전성 등을 종합적으로 고려하여 상장폐지가 필요하다고 인정",00237260,헤쎄나,036270,20170630
39990,코아정보,KOSDAQ,2009-06-10,2009,6,10,"기업의 계속성, 경영의 투명성 또는 기타 코스닥시장의 건전성 등을 종합적으로 고려하여 상장폐지가 필요하다고 인정",,,,
53070,트리니티,KOSDAQ,2009-06-03,2009,6,3,"기업의 계속성, 경영의 투명성 또는 기타 코스닥시장의 건전성 등을 종합적으로 고려하여 상장폐지가 필요하다고 인정",00262044,트리니티,053070,20170630
53070,트리니티,KOSDAQ,2009-06-03,2009,6,3,"기업의 계속성, 경영의 투명성 또는 기타 코스닥시장의 건전성 등을 종합적으로 고려하여 상장폐지가 필요하다고 인정",01760613,트리니티, ,20230511
53070,트리니티,KOSDAQ,2009-06-03,2009,6,3,"기업의 계속성, 경영의 투명성 또는 기타 코스닥시장의 건전성 등을 종합적으로 고려하여 상장폐지가 필요하다고 인정",01906862,트리니티, ,20250415
38920,지이엔에프,KOSDAQ,2009-05-29,2009,5,29,"기업의 계속성, 경영의 투명성 또는 기타 코스닥시장의 건전성 등을 종합적으로 고려하여 상장폐지가 필요하다고 인정",,,,
40020,사라콤,KOSDAQ,2009-05-27,2009,5,27,자본전액잠식,00271413,사라콤,040020,20170630
59720,야호,KOSDAQ,2009-05-27,2009,5,27,감사의견거절(감사범위제한),,,,
33720,블루스톤,KOSDAQ,2009-05-15,2009,5,15,감사의견거절(계속기업으로서의 존속능력에 대한 불확실성),,,,
36790,자강,KOSDAQ,2009-05-15,2009,5,15,감사의견거절(계속기업 존속 불확실성),00256292,자강,036790,20170630
36790,자강,KOSDAQ,2009-05-15,2009,5,15,감사의견거절(계속기업 존속 불확실성),00215374,자강, ,20180508
790,C&상선,KOSPI,2009-05-13,2009,5,13,감사의견 의견거절,,,,
13200,C&우방,KOSPI,2009-05-13,2009,5,13,감사의견 의견거절,,,,
8400,C&중공업,KOSPI,2009-05-13,2009,5,13,감사의견 의견거절,,,,
6070,기린,KOSPI,2009-05-13,2009,5,13,감사의견 의견거절,00784759,기린, ,20170630
6070,기린,KOSPI,2009-05-13,2009,5,13,감사의견 의견거절,00106508,기린,006070,20240628
1970,신성건설,KOSPI,2009-05-13,2009,5,13,감사의견 의견거절,00369781,신성건설, ,20221128
1970,신성건설,KOSPI,2009-05-13,2009,5,13,감사의견 의견거절,01871502,신성건설, ,20241011
9690,케이엠에이치,KOSPI,2009-05-13,2009,5,13,감사의견 의견거절,00159908,케이엠에이치,009690,20170630
9690,케이엠에이치,KOSPI,2009-05-13,2009,5,13,감사의견 의견거절,00553520,케이엠에이치, ,20170630
48270,포넷,KOSDAQ,2009-05-04,2009,5,4,자본전액잠식,00375922,포넷, ,20170630
48270,포넷,KOSDAQ,2009-05-04,2009,5,4,자본전액잠식,00328854,포넷,048270,20170630
3990,BHK,KOSPI,2009-04-30,2009,4,30,감사의견 의견거절,00136235,BHK,003990,20170630
4230,세신,KOSPI,2009-04-30,2009,4,30,감사의견 의견거절,00133928,세신,004230,20170630
53170,코스모스피엘씨,KOSDAQ,2009-04-30,2009,4,30,자본전액잠식,00353683,코스모스피엘씨,053170,20170630
36360,3SOFT,KOSDAQ,2009-04-29,2009,4,29,감사의견거절(감사범위제한),,,,
26230,IDH,KOSDAQ,2009-04-29,2009,4,29,감사범위 제한에 따른 감사의견 거절,,,,
80570,IC코퍼레이션,KOSDAQ,2009-04-29,2009,4,29,감사의견거절(감사범위제한),,,,
77960,케이이엔지,KOSDAQ,2009-04-29,2009,4,29,감사의견거절(감사범위제한),00451268,케이이엔지,077960,20170630
71360,나노하이텍,KOSDAQ,2009-04-29,2009,4,29,감사의견거절(감사범위제한),00252375,나노하이텍,071360,20170630
81500,엑스씨이,KOSDAQ,2009-04-29,2009,4,29,감사의견거절(감사범위제한),00535773,엑스씨이,081500,20170630
25460,팬텀엔터그룹,KOSDAQ,2009-04-29,2009,4,29,감사범위 제한에 따른 감사의견 거절,,,,
56020,쿨투,KOSDAQ,2009-04-29,2009,4,29,감사의견거절(감사범위제한),00364670,쿨투,056020,20170630
1190,마이크로닉스,KOSPI,2009-04-27,2009,4,27,공시서류 미제출(사업보고서) 후 10일이내 미제출,00112068,마이크로닉스,001190,20170630
1190,마이크로닉스,KOSPI,2009-04-27,2009,4,27,공시서류 미제출(사업보고서) 후 10일이내 미제출,00673365,마이크로닉스, ,20240628
36280,뉴켐진스템셀,KOSDAQ,2009-04-24,2009,4,24,"기업의 계속성, 경영의 투명성 또는 기타 코스닥시장의 건전성 등을 종합적으로 고려하여 상장폐지가 필요하다고 인정",,,,
41310,모빌링크,KOSDAQ,2009-04-23,2009,4,23,자본전액잠식,,,,
52310,H1바이오,KOSDAQ,2009-04-23,2009,4,23,3회 연속 자기자본 50%초과 법인세비용차감전계속사업손실,,,,
36760,KNS홀딩스,KOSDAQ,2009-04-23,2009,4,23,"감사의견거절(감사범위제한), 법정제출기한까지 사업보고서를 제출하지 아니한 후 법정제출기한의 다음날부터 10일 이내에 사업보고서 미제출  ",,,,
38410,트라이콤,KOSDAQ,2009-04-23,2009,4,23,법정제출기한까지 사업보고서를 제출하지 아니한 후 법정제출기한의 다음날부터 10일 이내에 사업보고서 미제출,00261461,트라이콤,038410,20170630
19640,희훈디앤지,KOSDAQ,2009-04-23,2009,4,23,자본전액잠식,00167378,희훈디앤지,019640,20170630
76170,GBS,KOSPI,2009-04-22,2009,4,22,감사의견 의견거절,,,,
65910,PW제네틱스,KOSDAQ,2009-04-18,2009,4,18,감사의견거절(감사범위제한) ,,,,
7050,유리이에스,KOSPI,2009-04-15,2009,4,15,최종부도발생,00128731,유리이에스,007050,20170630
73780,케이디세코,KOSDAQ,2009-04-11,2009,4,11,2회 연속 자본잠식률 50%이상,00321222,케이디세코,073780,20170630
66200,이노블루,KOSDAQ,2009-04-11,2009,4,11,"2년연속 매출액 30억원 미달, 자본전액잠식",00361202,이노블루,066200,20170630
47370,에프아이투어,KOSDAQ,2009-04-11,2009,4,11,자본전액잠식,00325981,에프아이투어,047370,20170630
38810,포이보스,KOSDAQ,2009-04-11,2009,4,11,자본전액잠식,00264769,포이보스,038810,20170630
60550,우수씨엔에스,KOSDAQ,2009-04-11,2009,4,11,자본전액잠식,00360540,우수씨엔에스,060550,20170630
53890,미디어코프,KOSDAQ,2009-04-11,2009,4,11,자본전액잠식,00308948,미디어코프,053890,20170630
79870,산양전기,KOSDAQ,2009-04-11,2009,4,11,자본전액잠식,00363325,산양전기,079870,20170630
16040,디에스피,KOSDAQ,2009-04-11,2009,4,11,자본전액잠식,00420602,디에스피, ,20170630
16040,디에스피,KOSDAQ,2009-04-11,2009,4,11,자본전액잠식,00527288,디에스피, ,20170630
16040,디에스피,KOSDAQ,2009-04-11,2009,4,11,자본전액잠식,00452407,디에스피, ,20170630
16040,디에스피,KOSDAQ,2009-04-11,2009,4,11,자본전액잠식,01457816,디에스피, ,20220506
16040,디에스피,KOSDAQ,2009-04-11,2009,4,11,자본전액잠식,00693262,디에스피, ,20230209
16040,디에스피,KOSDAQ,2009-04-11,2009,4,11,자본전액잠식,01227084,디에스피, ,20240628
78610,도움,KOSDAQ,2009-04-11,2009,4,11,자본전액잠식,00450728,도움,078610,20170630
93730,동북아31호,KOSPI,2009-03-13,2009,3,13,신청에 의한 상장폐지,,,,
5760,위너스인프라인,KOSPI,2009-02-19,2009,2,19,감사의견 의견거절,00165200,위너스인프라인,005760,20170630
7640,HK저축은행,KOSDAQ,2009-02-03,2009,2,3,상장폐지신청(2009.01.12),,,,
72430,아이레보,KOSDAQ,2009-02-03,2009,2,3,상장폐지신청(2009.01.12),00451116,아이레보,072430,20170630
39060,아이비진,KOSDAQ,2008-12-20,2008,12,20,최종부도,00264839,아이비진,039060,20240628
89170,동북아27호,KOSPI,2008-11-05,2008,11,5,신청에 의한 상장폐지,,,,
89180,동북아28호,KOSPI,2008-11-05,2008,11,5,신청에 의한 상장폐지,,,,
89190,동북아29호,KOSPI,2008-11-05,2008,11,5,신청에 의한 상장폐지,,,,
89200,동북아30호,KOSPI,2008-11-05,2008,11,5,신청에 의한 상장폐지,,,,
50600,세라온,KOSDAQ,2008-09-09,2008,9,9,2회연속 자본잠식률 50%이상,,,,
60410,베스트플로우,KOSDAQ,2008-08-25,2008,8,25,2연속 자본잠식률 50%이상 및 자기자본 10억원 미만,00377814,베스트플로우,060410,20170630
34750,디씨씨,KOSDAQ,2008-07-12,2008,7,12,2분기 연속 거래실적부진사유 미해소,,,,
45760,한통데이타,KOSDAQ,2008-06-13,2008,6,13,감사의견거절(감사범위제한),,,,
60660,한도하이테크,KOSDAQ,2008-05-03,2008,5,3,감사의견거절(감사범위제한),00363033,한도하이테크,060660,20170630
44370,조이토토,KOSDAQ,2008-05-03,2008,5,3,감사의견거절(감사범위제한),00268482,조이토토,044370,20170630
33330,두림티앤씨,KOSDAQ,2008-05-03,2008,5,3,감사의견거절(감사범위제한),00119423,두림티앤씨,033330,20170630
55970,에너윈,KOSDAQ,2008-05-03,2008,5,3,감사의견거절(감사범위제한),00364227,에너윈,055970,20170630
35270,청람디지탈,KOSDAQ,2008-04-23,2008,4,23,"법정제출기한까지 사업보고서를 제출하지 아니한 후
법정제출기한의 다음날부터 10일 이내에 사업보고서
미제출",00220552,청람디지탈,035270,20170630
57330,플래닛82,KOSDAQ,2008-04-23,2008,4,23,"최근 3사업연도 연속 자기자본 대비 50% 초과 법인세
비용차감전계속사업손실 발생",,,,
41940,한텔,KOSDAQ,2008-04-23,2008,4,23,2연속 자본잠식률 50% 이상,00294371,한텔,041940,20170630
4530,SY,KOSPI,2008-04-22,2008,4,22,감사의견 의견거절,,,,
65810,UC아이콜스,KOSDAQ,2008-04-17,2008,4,17,"자본전액잠식, 2회연속 자본잠식률 50%이상, 2회연속 자기자본 10억원 미만",,,,
66330,시큐리티KOR,KOSDAQ,2008-04-12,2008,4,12,2연속 자본잠식률 50%이상 및 자기자본 10억원 미만,,,,
32590,엔토리노,KOSDAQ,2008-04-12,2008,4,12,자본전액잠식,00119733,엔토리노,032590,20170630
42570,퓨쳐비젼,KOSDAQ,2008-04-12,2008,4,12,자본전액잠식,00288653,퓨쳐비젼,042570,20170630
64720,모델라인,KOSDAQ,2008-04-12,2008,4,12,"자본전액잠식,최근3사업연도 연속
자기자본 대비 50%초과 법인세차감전계속사업손실",00368791,모델라인,064720,20170630
12460,우영,KOSDAQ,2008-03-13,2008,3,13,최종부도,00291833,우영, ,20170630
12460,우영,KOSDAQ,2008-03-13,2008,3,13,최종부도,00143013,우영,012460,20170630
12460,우영,KOSDAQ,2008-03-13,2008,3,13,최종부도,00269092,우영, ,20170630
12460,우영,KOSDAQ,2008-03-13,2008,3,13,최종부도,01176461,우영, ,20190228
12460,우영,KOSDAQ,2008-03-13,2008,3,13,최종부도,00970806,우영, ,20210224
12460,우영,KOSDAQ,2008-03-13,2008,3,13,최종부도,01214309,우영, ,20230203
12460,우영,KOSDAQ,2008-03-13,2008,3,13,최종부도,01335417,우영, ,20240228
15670,AP우주통신,KOSPI,2007-09-12,2007,9,12,감사의견 의견거절,00150183,AP우주통신,015670,20170630
38420,씨엔씨엔터,KOSDAQ,2007-08-29,2007,8,29,2회연속 자본잠식률 50% 이상 및 자기자본 10억원 미만,,,,
45310,이레전자산업,KOSDAQ,2007-05-08,2007,5,8,자본전액잠식,00303837,이레전자산업,045310,20170630
14900,삼보컴퓨터,KOSPI,2007-04-25,2007,4,25,자본전액잠식,00939429,삼보컴퓨터, ,20240708
25930,팬택,KOSPI,2007-04-25,2007,4,25,자본전액잠식,01119703,팬택, ,20240821
63350,팬택앤큐리텔,KOSPI,2007-04-25,2007,4,25,자본전액잠식,00375579,팬택앤큐리텔,063350,20170630
25830,한국합섬,KOSPI,2007-04-25,2007,4,25,감사의견 부적정,00160445,한국합섬,025830,20170630
25830,한국합섬,KOSPI,2007-04-25,2007,4,25,감사의견 부적정,00194886,한국합섬, ,20190529
54790,제이엠피,KOSDAQ,2007-04-24,2007,4,24,감사의견거절,00609041,제이엠피, ,20240628
54790,제이엠피,KOSDAQ,2007-04-24,2007,4,24,감사의견거절,00234449,제이엠피,054790,20240628
54440,엠텍반도체,KOSDAQ,2007-04-13,2007,4,13,자본전액잠식,00356644,엠텍반도체,054440,20170630
54250,예일바이오텍,KOSDAQ,2007-04-11,2007,4,11,"감사의견거절, 자본전액잠식, 2년 연속 자본잠식률 50% 이상",00220446,예일바이오텍,054250,20240628
37060,시큐어소프트,KOSDAQ,2007-04-04,2007,4,4,재감사보고서상 감사의견거절,00300256,시큐어소프트,037060,20170630
48760,VK,KOSDAQ,2006-07-22,2006,7,22,최종부도,,,,
47420,레이더스컴퍼니,KOSDAQ,2006-07-13,2006,7,13,감사의견 범위제한 의견거절,00330017,레이더스컴퍼니,047420,20170630
16970,씨크롭,KOSPI,2006-07-13,2006,7,13,감사의견 의견거절,00140353,씨크롭,016970,20170630
41500,대한바이오,KOSDAQ,2006-04-25,2006,4,25,2사업연도 연속 매출액 30억원 미달(상장폐지사유일 : 2006년 04월 10일),,,,
66480,휘튼,KOSDAQ,2006-04-25,2006,4,25,감사의견거절(상장폐지사유발생일 : 2006년 4월 10일),00371139,휘튼,066480,20170630
39110,에스피컴텍,KOSDAQ,2006-04-15,2006,4,15,2사업연도 연속 매출액 30억원 미달(상장폐지사유 발생일 : 2006년 03월 31일),00268181,에스피컴텍,039110,20220225
56060,세니콘,KOSDAQ,2006-04-08,2006,4,8,감사범위제한으로 인한 의견거절(상장폐지사유 발생일 : 2006년 03월 27일),00305695,세니콘,056060,20170630
14010,인터피온반도체,KOSPI,2005-12-28,2005,12,28,감사의견 의견거절,00111591,인터피온반도체,014010,20170630
19560,한국파트너스,KOSDAQ,2005-12-24,2005,12,24,상장폐지신청(2005.12.21),,,,
39870,피케이엘,KOSDAQ,2005-11-09,2005,11,9,상장폐지신청(2005.10.14),00222213,피케이엘,039870,20231206
57110,아이티센,KOSDAQ,2005-10-22,2005,10,22,"최근사업연도말 현재 자본잠식률 100분의50이상의 사유로
관리종목지정된 후, 최근 반기말기준으로 감사의견거절 및
반기말 자본잠식률이 100분의 50 이상",,,,
21570,알루코,KOSDAQ,2005-10-13,2005,10,13,최종부도(상장폐지사유 발생일 : 2005년 09월 27일),00117027,알루코,001780,20240923
21570,알루코,KOSDAQ,2005-10-13,2005,10,13,최종부도(상장폐지사유 발생일 : 2005년 09월 27일),00139418,알루코,021570,20240628
38980,이지클럽,KOSDAQ,2005-09-10,2005,9,10,최근사업연도말 기준 자본잠식률 100분의 50이상의 사유로 관리종목지정 후 법정제출기한 다음날로부터 10일이내 반기보고서 미제출,00361549,이지클럽, ,20170630
38980,이지클럽,KOSDAQ,2005-09-10,2005,9,10,최근사업연도말 기준 자본잠식률 100분의 50이상의 사유로 관리종목지정 후 법정제출기한 다음날로부터 10일이내 반기보고서 미제출,00229827,이지클럽,038980,20170630
55810,KTC텔레콤,KOSDAQ,2005-08-13,2005,8,13,최종부도(상장폐지사유 발생일 : 2005년 07월 29일),,,,
1580,신광기업,KOSPI,2005-08-05,2005,8,5,감사의견 의견거절,00135670,신광기업,001580,20170630
6250,극동전선,KOSPI,2005-07-18,2005,7,18,보통주 거래량요건 미충족(월평균거래량 1/100미만) 2분기 계속,00105165,극동전선,006250,20230223
8270,산은캐피탈,KOSPI,2005-06-16,2005,6,16,신청에 의한 상장폐지,00260356,산은캐피탈,008270,20241126
42950,미래코리아1MF,KOSDAQ,2005-06-04,2005,6,4,존립기간의 만료,,,,
8030,아이텍스필,KOSDAQ,2005-06-02,2005,6,2,최종부도(상장폐지사유 발생일 : 2005년 05월 02일),00130000,아이텍스필,008030,20170630
32180,이수세라믹,KOSDAQ,2005-05-25,2005,5,25,상장폐지신청(2005.04.28),00145534,이수세라믹,032180,20170630
38960,현주컴퓨터,KOSDAQ,2005-05-11,2005,5,11,최종부도(상장폐지사유 발생일 : 2005년 04월 25일),00244330,현주컴퓨터,038960,20170630
2480,범양사,KOSDAQ,2005-05-04,2005,5,4,주식분산기준 미달 2년 연속,00122728,범양사,002480,20220222
33220,남성알미늄,KOSDAQ,2005-05-04,2005,5,4,주식분산기준 미달 2년 연속,,,,
46810,KEPS,KOSDAQ,2005-04-30,2005,4,30,경상손실 및 시가총액 50억원 미달 2회 연속(상장폐지사유 발생일 : 2005년 4월 15일),,,,
30950,보진재,KOSDAQ,2005-04-30,2005,4,30,경상손실 및 시가총액 50억원 미달 2회 연속(상장폐지사유 발생일 : 2005년 4월 15일),00123514,보진재,030950,20190514
9940,대아리드선,KOSPI,2005-04-28,2005,4,28,자본전액잠식,00110981,대아리드선,009940,20170630
8120,모토조이,KOSPI,2005-04-28,2005,4,28,자본전액잠식,,,,
1670,경남모직,KOSPI,2005-04-28,2005,4,28,회사정리절차 법인의 상장적격성 불인정,00101275,경남모직,001670,20170630
44440,솔빛미디어,KOSDAQ,2005-04-26,2005,4,26,감사의견거절(상장폐지사유 발생일 : 2005년 04월 11일),00267669,솔빛미디어,044440,20170630
32050,후야인포넷,KOSDAQ,2005-04-26,2005,4,26,자본전액잠식(상장폐지사유 발생일 : 2005년 04월 11일),00194372,후야인포넷,032050,20170630
36900,택산아이엔씨,KOSDAQ,2005-04-23,2005,4,23,감사의견거절,,,,
110,제일은행,KOSPI,2005-04-22,2005,4,22,신청에 의한 상장폐지,,,,
36820,BET,KOSDAQ,2005-04-21,2005,4,21,감사범위제한 한정(상장폐지사유 발생일 : 2005년 03월 21일),,,,
9890,맥슨텔레콤,KOSPI,2005-04-21,2005,4,21,자본전액잠식,00120960,맥슨텔레콤,009890,20170630
32610,에스오케이,KOSDAQ,2005-04-21,2005,4,21,감사의견거절(상장폐지사유 발생일 : 2005년 04월 06일),00179832,에스오케이,032610,20170630
49130,하우리,KOSDAQ,2005-04-20,2005,4,20,감사의견거절(상장폐지사유 발생일 : 2005년 03월 21일),00352000,하우리,049130,20240220
9760,한국컴퓨터지주,KOSPI,2005-04-19,2005,4,19,보통주 주식분포요건 미충족(일반주주 주식수 10/100미만) 2년 계속,,,,
36590,케이엔티,KOSDAQ,2005-04-16,2005,4,16,자본전액잠식(상장폐지사유발생일 : 2005년 03월 31일),00667920,케이엔티, ,20170630
36590,케이엔티,KOSDAQ,2005-04-16,2005,4,16,자본전액잠식(상장폐지사유발생일 : 2005년 03월 31일),00325918,케이엔티,036590,20170630
36590,케이엔티,KOSDAQ,2005-04-16,2005,4,16,자본전액잠식(상장폐지사유발생일 : 2005년 03월 31일),00983615,케이엔티, ,20220524
9360,베네데스하이텍,KOSPI,2005-04-15,2005,4,15,감사의견 의견거절,00151614,베네데스하이텍,009360,20170630
12250,셰프라인,KOSPI,2005-04-15,2005,4,15,감사의견 의견거절,00142591,셰프라인,012250,20220228
6750,센추리,KOSPI,2005-04-14,2005,4,14,감사의견 의견거절,00101992,센추리,006750,20170630
6750,센추리,KOSPI,2005-04-14,2005,4,14,감사의견 의견거절,00501730,센추리, ,20220222
42960,창민테크,KOSDAQ,2005-04-13,2005,4,13,감사의견거절(상장폐지사유 발생일 : 2005년 03월 28일),00267021,창민테크,042960,20170630
54370,업필,KOSDAQ,2005-04-12,2005,4,12,감사의견거절(상장폐지사유 발생일 : 2005년 03월 26일),00358730,업필,054370,20170630
37220,넥스텔,KOSDAQ,2005-04-09,2005,4,9,최종부도(상장폐지사유 발생일 : 2005년 03월 24일),00265254,넥스텔,037220,20170630
38100,아이엠아이티,KOSDAQ,2005-04-08,2005,4,8,감사의견거절(상장폐지사유 발생일 : 2005년 03월 23일),00260921,아이엠아이티,038100,20170630
6150,한메NS,KOSPI,2005-04-08,2005,4,8,회사정리절차 개시 신청,,,,
18180,텔슨정보통신,KOSDAQ,2005-04-07,2005,4,7,감사의견거절(상장폐지사유 발생일 : 2005년 03월 22일),00153852,텔슨정보통신,018180,20170630
37650,성진산업,KOSDAQ,2005-04-05,2005,4,5,감사의견거절(상장폐지사유 발생일 : 2005년 03월 21일),00246815,성진산업,037650,20170630
37650,성진산업,KOSDAQ,2005-04-05,2005,4,5,감사의견거절(상장폐지사유 발생일 : 2005년 03월 21일),01143357,성진산업, ,20220425
37650,성진산업,KOSDAQ,2005-04-05,2005,4,5,감사의견거절(상장폐지사유 발생일 : 2005년 03월 21일),01370924,성진산업, ,20230221
56500,슈마일렉트론,KOSDAQ,2005-04-05,2005,4,5,감사의견거절(상장폐지사유 발생일 : 2005년 03월 22일),00350224,슈마일렉트론,056500,20170630
53250,엔에스아이,KOSDAQ,2005-04-02,2005,4,2,감사의견거절(상장폐지사유 발생일 : 2005년 03월 19일),00348052,엔에스아이,053250,20170630
36600,지니웍스,KOSDAQ,2005-04-02,2005,4,2,감사의견거절(상장폐지사유 발생일 : 2005년 03월 18일),00141440,지니웍스,036600,20170630
36600,지니웍스,KOSDAQ,2005-04-02,2005,4,2,감사의견거절(상장폐지사유 발생일 : 2005년 03월 18일),01755976,지니웍스, ,20230510
36020,한아시스템,KOSDAQ,2005-04-02,2005,4,2,감사의견 부적정(상장폐지사유 발생일 : 2005년 03월 21일),00244932,한아시스템,036020,20170630
36880,맥시스템,KOSDAQ,2005-03-31,2005,3,31,감사의견거절(상장폐지사유 발생일 : 2005년 03월 16일),00247762,맥시스템,036880,20170630
4660,신동방CP,KOSPI,2005-03-30,2005,3,30,신청에 의한 상장폐지,00115427,신동방CP,004660,20240628
54080,우주통신,KOSDAQ,2005-03-30,2005,3,30,감사의견거절(상장폐지사유 발생일 : 2005년 03월 15일,00236021,우주통신,054080,20170630
25690,동방라이텍,KOSDAQ,2005-03-12,2005,3,12,감사의견거절(상장폐지사유 발생일 : 2005년 02월 24일),00203458,동방라이텍,025690,20170630
37500,굿라이프5MF,KOSDAQ,2005-02-24,2005,2,24,간접투자자산운용업법 제110조(구 증권투자회사법 제64조)에 의한 해산사유발생,,,,
7910,세원화성,KOSPI,2005-02-24,2005,2,24,신청에 의한 상장폐지,00108047,세원화성,007910,20190226
7910,세원화성,KOSPI,2005-02-24,2005,2,24,신청에 의한 상장폐지,00657084,세원화성, ,20240226
37640,대경테크노스,KOSDAQ,2005-01-24,2005,1,24,최종부도(등록취소사유발생일 : 2005년 1월 7일),,,,
35910,현대멀티캡,KOSDAQ,2005-01-19,2005,1,19,최종부도(등록취소사유발생일: 2005년 1월 4일),00258731,현대멀티캡,035910,20170630
9220,그로웰전자,KOSDAQ,2005-01-19,2005,1,19,액면가액일정비율미만(취소사유발생일 : 2005년 01월 04일),00101637,그로웰전자,009220,20170630
35780,그로웰텔레콤,KOSDAQ,2005-01-11,2005,1,11,액면가액일정비율미만(취소사유발생일 : 2004년 12월 24일),00259916,그로웰텔레콤,035780,20170630
5600,중앙제지,KOSPI,2005-01-06,2005,1,6,최종부도발생,00149840,중앙제지,005600,20240628
